Workbook

Sheet Form Responses
A1: Timestamp | B1: Email Address | C1: NetID | D1: Responsible Team | E1: Current Status | F1: Photo Upload | G1: Issue Description | H1: Required Actions / Comments | I1: Email Tracking | J1: Deadline | K1: Cleared
A2: 45918.389 | B2: =CONCATENATE(C2,"@cornell.edu") -> Nhh5@cornell.edu | C2: Nhh5 | D2: steel bridge | E2: Yellow - Stewardship concern (Address at next scheduled meeting) | F2: https://drive.google.com/open?id=1o2qJINxEtIWecc01_T3hwMHrd5eQW7Di | G2: Housekeeping | H2: Move workbenches and materials At least a foot away from air tunnel | I2: Old | J2: =IFERROR(__xludf.DUMMYFUNCTION("IF(ISDATE(A2), DATE(YEAR(A2), MONTH(A2), DAY(A2)+ IFS(ISNUMBER(SEARCH(""Red"", E2)), 1, ISNUMBER(SEARCH(""Orange"", E2)), 3, ISNUMBER(SEARCH(""Yellow"", E2)), 10, ISNUMBER(SEARCH(""Ivory"", E2)), 21,TRUE, ""60"")), """")"),45928.0) -> 45928 | K2: 45931
A3: 45918.392 | B3: =CONCATENATE(C3,"@cornell.edu") -> Nhh5@cornell.edu | C3: Nhh5 | D3: concrete canoe | E3: Yellow - Stewardship concern (Address at next scheduled meeting) | F3: https://drive.google.com/open?id=1Cj39FQhlasJjzh3Sf41upPlEaOf7NAC0 | G3: Shared space (misuse of) | H3: Clear floor in storage area. | I3: Old | J3: =IFERROR(__xludf.DUMMYFUNCTION("IF(ISDATE(A3), DATE(YEAR(A3), MONTH(A3), DAY(A3)+ IFS(ISNUMBER(SEARCH(""Red"", E3)), 1, ISNUMBER(SEARCH(""Orange"", E3)), 3, ISNUMBER(SEARCH(""Yellow"", E3)), 10, ISNUMBER(SEARCH(""Ivory"", E3)), 21,TRUE, ""60"")), """")"),45928.0) -> 45928 | K3: 45931
A4: 45918.395 | B4: =CONCATENATE(C4,"@cornell.edu") -> Nhh5@cornell.edu | C4: Nhh5 | D4: Formula | E4: Yellow - Stewardship concern (Address at next scheduled meeting) | F4: https://drive.google.com/open?id=1Mc8D5g7mozMYaAZcBsNgDAp901dBI9qT | G4: Shared space (misuse of) | H4: Clear floor in storage area. | I4: Old | J4: =IFERROR(__xludf.DUMMYFUNCTION("IF(ISDATE(A4), DATE(YEAR(A4), MONTH(A4), DAY(A4)+ IFS(ISNUMBER(SEARCH(""Red"", E4)), 1, ISNUMBER(SEARCH(""Orange"", E4)), 3, ISNUMBER(SEARCH(""Yellow"", E4)), 10, ISNUMBER(SEARCH(""Ivory"", E4)), 21,TRUE, ""60"")), """")"),45928.0) -> 45928 | K4: 45931
A5: 45918.398 | B5: =CONCATENATE(C5,"@cornell.edu") -> Nhh5@cornell.edu | C5: Nhh5 | D5: concrete canoe | E5: Yellow - Stewardship concern (Address at next scheduled meeting) | F5: https://drive.google.com/open?id=1fUkZ-J4_Kys5RAB58s01JW6v30eo9AzT | G5: Housekeeping | H5: Empty trash barrels in HVL | I5: Email Sent | J5: =IFERROR(__xludf.DUMMYFUNCTION("IF(ISDATE(A5), DATE(YEAR(A5), MONTH(A5), DAY(A5)+ IFS(ISNUMBER(SEARCH(""Red"", E5)), 1, ISNUMBER(SEARCH(""Orange"", E5)), 3, ISNUMBER(SEARCH(""Yellow"", E5)), 10, ISNUMBER(SEARCH(""Ivory"", E5)), 21,TRUE, ""60"")), """")"),45928.0) -> 45928 | K5: 45931
A6: 45918.621 | B6: =CONCATENATE(C6,"@cornell.edu") -> Nhh5@cornell.edu | C6: Nhh5 | D6: Formula | E6: Orange - Operations/ Safety issue (resolve in 2-3 business days) | F6: https://drive.google.com/open?id=19rnv4vGnF9Xt7ZLx48vzx5YO834_awAw | G6: Shared space (misuse of) | H6: Move tables, coolers and canopy to penthouse | I6: Email Sent | J6: =IFERROR(__xludf.DUMMYFUNCTION("IF(ISDATE(A6), DATE(YEAR(A6), MONTH(A6), DAY(A6)+ IFS(ISNUMBER(SEARCH(""Red"", E6)), 1, ISNUMBER(SEARCH(""Orange"", E6)), 3, ISNUMBER(SEARCH(""Yellow"", E6)), 10, ISNUMBER(SEARCH(""Ivory"", E6)), 21,TRUE, ""60"")), """")"),45921.0) -> 45921 | K6: 45931
A7: 45919.718 | B7: =CONCATENATE(C7,"@cornell.edu") -> Nhh@cornell.edu | C7: Nhh | D7: concrete canoe | E7: Red - Code violation (immediate action Required) | F7: https://drive.google.com/open?id=1sVyU0mTazSzHvLjUdiOo4fX2uiTrtypC | G7: Fire / electrical (code violation) | H7: Move | I7: Email Sent | J7: =IFERROR(__xludf.DUMMYFUNCTION("IF(ISDATE(A7), DATE(YEAR(A7), MONTH(A7), DAY(A7)+ IFS(ISNUMBER(SEARCH(""Red"", E7)), 1, ISNUMBER(SEARCH(""Orange"", E7)), 3, ISNUMBER(SEARCH(""Yellow"", E7)), 10, ISNUMBER(SEARCH(""Ivory"", E7)), 21,TRUE, ""60"")), """")"),45920.0) -> 45920 | K7: 45931
A8: 45932.638 | B8: =CONCATENATE(C8,"@cornell.edu") -> Nhh5@cornell.edu | C8: Nhh5 | D8: Mars Rover | E8: Yellow - Stewardship concern (Address at next scheduled meeting) | F8: https://drive.google.com/open?id=15i9xzSWFPv9z9PeIcUNKH3ssC5nyvKvo | G8: Egress / access | H8: Move tool box from aisle | I8: Email Sent | J8: =IFERROR(__xludf.DUMMYFUNCTION("IF(ISDATE(A8), DATE(YEAR(A8), MONTH(A8), DAY(A8)+ IFS(ISNUMBER(SEARCH(""Red"", E8)), 1, ISNUMBER(SEARCH(""Orange"", E8)), 3, ISNUMBER(SEARCH(""Yellow"", E8)), 10, ISNUMBER(SEARCH(""Ivory"", E8)), 21,TRUE, ""60"")), """")"),45942.0) -> 45942 | K8: 45938
A9: 45932.695 | B9: =CONCATENATE(C9,"@cornell.edu") -> jam834@cornell.edu | C9: jam834 | D9: DEBUT | E9: Red - Code violation (immediate action Required) | F9: https://drive.google.com/open?id=1fxgTpXNCdpgbdzmNTtu4HbDfrWtOJMTn | G9: Fire / electrical (code violation) | H9: Move item away from electrical panel — area must be kept clear. | I9: Email Sent | J9: =IFERROR(__xludf.DUMMYFUNCTION("IF(ISDATE(A9), DATE(YEAR(A9), MONTH(A9), DAY(A9)+ IFS(ISNUMBER(SEARCH(""Red"", E9)), 1, ISNUMBER(SEARCH(""Orange"", E9)), 3, ISNUMBER(SEARCH(""Yellow"", E9)), 10, ISNUMBER(SEARCH(""Ivory"", E9)), 21,TRUE, ""60"")), """")"),45933.0) -> 45933 | K9: 45938
A10: 45933.384 | B10: =CONCATENATE(C10,"@cornell.edu") -> Nhh5@cornell.edu | C10: Nhh5 | D10: Operations Team | E10: Yellow - Stewardship concern (Address at next scheduled meeting) | F10: https://drive.google.com/open?id=1zTyHKHLN7vLoIi779WHc-U8YZIlEwKP4 | G10: Unsafe Work Practices | H10: Fix pedestal vise. | I10: Email Sent | J10: =IFERROR(__xludf.DUMMYFUNCTION("IF(ISDATE(A10), DATE(YEAR(A10), MONTH(A10), DAY(A10)+ IFS(ISNUMBER(SEARCH(""Red"", E10)), 1, ISNUMBER(SEARCH(""Orange"", E10)), 3, ISNUMBER(SEARCH(""Yellow"", E10)), 10, ISNUMBER(SEARCH(""Ivory"", E10)), 21,TRUE, ""60"")), """")"),45943.0) -> 45943 | K10: 45938
A11: 45933.396 | B11: =CONCATENATE(C11,"@cornell.edu") -> Nhh5 @cornell.edu | C11: Nhh5 | D11: Operations Team | E11: Ivory - Below standard (demonstrate improvement in 14-21 days) | F11: https://drive.google.com/open?id=13kUfFEkdHXepwkLwBTjrBuajGaT-xZnY | G11: Maintenance/ facilities | H11: Set up new vacuum pump. Move old smoky to HVL | I11: Email Sent | J11: =IFERROR(__xludf.DUMMYFUNCTION("IF(ISDATE(A11), DATE(YEAR(A11), MONTH(A11), DAY(A11)+ IFS(ISNUMBER(SEARCH(""Red"", E11)), 1, ISNUMBER(SEARCH(""Orange"", E11)), 3, ISNUMBER(SEARCH(""Yellow"", E11)), 10, ISNUMBER(SEARCH(""Ivory"", E11)), 21,TRUE, ""60"")), """")"),45954.0) -> 45954 | K11: 45938
A12: 45933.398 | B12: =CONCATENATE(C12,"@cornell.edu") -> Nhh5 @cornell.edu | C12: Nhh5 | D12: Operations Team | E12: Yellow - Stewardship concern (Address at next scheduled meeting) | F12: https://drive.google.com/open?id=16l_X5ZpmGtHh75Hv4Up14_pg8mO5oAUz | G12: Unsafe Work Practices | H12: Store respirators in appropriate containers | I12: Email Sent | J12: =IFERROR(__xludf.DUMMYFUNCTION("IF(ISDATE(A12), DATE(YEAR(A12), MONTH(A12), DAY(A12)+ IFS(ISNUMBER(SEARCH(""Red"", E12)), 1, ISNUMBER(SEARCH(""Orange"", E12)), 3, ISNUMBER(SEARCH(""Yellow"", E12)), 10, ISNUMBER(SEARCH(""Ivory"", E12)), 21,TRUE, ""60"")), """")"),45943.0) -> 45943 | K12: 45938
A13: 45933.399 | B13: =CONCATENATE(C13,"@cornell.edu") -> Nhh5 @cornell.edu | C13: Nhh5 | D13: Operations Team | E13: Yellow - Stewardship concern (Address at next scheduled meeting) | F13: https://drive.google.com/open?id=1dvJfl4IevUW-CeIfsjhePDQVPw3-OvXw | G13: Fire / electrical (code violation) | H13: Source replacement code compliant power supply | I13: Email Sent | J13: =IFERROR(__xludf.DUMMYFUNCTION("IF(ISDATE(A13), DATE(YEAR(A13), MONTH(A13), DAY(A13)+ IFS(ISNUMBER(SEARCH(""Red"", E13)), 1, ISNUMBER(SEARCH(""Orange"", E13)), 3, ISNUMBER(SEARCH(""Yellow"", E13)), 10, ISNUMBER(SEARCH(""Ivory"", E13)), 21,TRUE, ""60"")), """")"),45943.0) -> 45943 | K13: 45938
A14: 45933.403 | B14: =CONCATENATE(C14,"@cornell.edu") -> Nhh5 @cornell.edu | C14: Nhh5 | D14: Operations Team | E14: Purple - Opportunity for improvement (as time permits) | F14: https://drive.google.com/open?id=1de8HXNiKxiP1EIAvmTIH2ArUK5_RiVSZ | G14: Maintenance/ facilities | H14: Devise integrated storage mount for brushes and dust pans along with brooms. | I14: Email Sent | J14: =IFERROR(__xludf.DUMMYFUNCTION("IF(ISDATE(A14), DATE(YEAR(A14), MONTH(A14), DAY(A14)+ IFS(ISNUMBER(SEARCH(""Red"", E14)), 1, ISNUMBER(SEARCH(""Orange"", E14)), 3, ISNUMBER(SEARCH(""Yellow"", E14)), 10, ISNUMBER(SEARCH(""Ivory"", E14)), 21,TRUE, ""60"")), """")"),45993.0) -> 45993 | K14: 45938
A15: 45936.408 | B15: =CONCATENATE(C15,"@cornell.edu") -> Nhh5@cornell.edu | C15: Nhh5 | D15: Mars Rover | E15: Orange - Operations/ Safety issue (resolve in 2-3 business days) | F15: https://drive.google.com/open?id=1EigQr0yz4Nf_iDZNasaNwNT5iYrfuBjB | G15: Egress / access | H15: Remove carts from main hall | I15: Email Sent | J15: =IFERROR(__xludf.DUMMYFUNCTION("IF(ISDATE(A15), DATE(YEAR(A15), MONTH(A15), DAY(A15)+ IFS(ISNUMBER(SEARCH(""Red"", E15)), 1, ISNUMBER(SEARCH(""Orange"", E15)), 3, ISNUMBER(SEARCH(""Yellow"", E15)), 10, ISNUMBER(SEARCH(""Ivory"", E15)), 21,TRUE, ""60"")), """")"),45939.0) -> 45939 | K15: 45938
A16: 45937.522 | B16: =CONCATENATE(C16,"@cornell.edu") -> Nhh5@cornell.edu | C16: Nhh5 | D16: Operations Team | E16: Yellow - Stewardship concern (Address at next scheduled meeting) | F16: https://drive.google.com/open?id=1vneF2OPeq9ClRfKJh2-2CwxVGO2jfGyO | G16: Housekeeping | H16: Clear workbench. | I16: Email Sent | J16: =IFERROR(__xludf.DUMMYFUNCTION("IF(ISDATE(A16), DATE(YEAR(A16), MONTH(A16), DAY(A16)+ IFS(ISNUMBER(SEARCH(""Red"", E16)), 1, ISNUMBER(SEARCH(""Orange"", E16)), 3, ISNUMBER(SEARCH(""Yellow"", E16)), 10, ISNUMBER(SEARCH(""Ivory"", E16)), 21,TRUE, ""60"")), """")"),45947.0) -> 45947 | K16: 45938
A17: 45943.414 | B17: =CONCATENATE(C17,"@cornell.edu") -> Nhh5@cornell.edu | C17: Nhh5 | D17: Formula | E17: Yellow - Stewardship concern (Address at next scheduled meeting) | F17: https://drive.google.com/open?id=1ZjqE0xFBW0lrlbBGK6ncoZ3rXCgOPV5C | G17: Shared space (misuse of) | H17: Store material in cages or HVL racks | I17: Email Sent | J17: =IFERROR(__xludf.DUMMYFUNCTION("IF(ISDATE(A17), DATE(YEAR(A17), MONTH(A17), DAY(A17)+ IFS(ISNUMBER(SEARCH(""Red"", E17)), 1, ISNUMBER(SEARCH(""Orange"", E17)), 3, ISNUMBER(SEARCH(""Yellow"", E17)), 10, ISNUMBER(SEARCH(""Ivory"", E17)), 21,TRUE, ""60"")), """")"),45953.0) -> 45953 | K17: 45945
A18: 45943.416 | B18: =CONCATENATE(C18,"@cornell.edu") -> Nhh5@cornell.edu | C18: Nhh5 | D18: Baja | E18: Orange - Operations/ Safety issue (resolve in 2-3 business days) | F18: https://drive.google.com/open?id=1k8S-vzReA0gG3pY4Fibg1-_oiV_7KZVJ | G18: Fire / electrical (code violation) | H18: Learn access to panel and eye wash. | I18: Email Sent | J18: =IFERROR(__xludf.DUMMYFUNCTION("IF(ISDATE(A18), DATE(YEAR(A18), MONTH(A18), DAY(A18)+ IFS(ISNUMBER(SEARCH(""Red"", E18)), 1, ISNUMBER(SEARCH(""Orange"", E18)), 3, ISNUMBER(SEARCH(""Yellow"", E18)), 10, ISNUMBER(SEARCH(""Ivory"", E18)), 21,TRUE, ""60"")), """")"),45946.0) -> 45946 | K18: 45945
A19: 45946.681 | B19: =CONCATENATE(C19,"@cornell.edu") -> jam834@cornell.edu | C19: jam834 | D19: Operations Team | E19: Red - Code violation (same day action Required) | G19: Egress / access | H19: Engine crane, whiteboard, and chair cannot be left in front of electrical panel / yellow walkway. | I19: Email Sent | J19: =IFERROR(__xludf.DUMMYFUNCTION("IF(ISDATE(A19), DATE(YEAR(A19), MONTH(A19), DAY(A19)+ IFS(ISNUMBER(SEARCH(""Red"", E19)), 1, ISNUMBER(SEARCH(""Orange"", E19)), 3, ISNUMBER(SEARCH(""Yellow"", E19)), 10, ISNUMBER(SEARCH(""Ivory"", E19)), 21,TRUE, ""60"")), """")"),45947.0) -> 45947 | K19: 45947
A20: 45950.385 | B20: =CONCATENATE(C20,"@cornell.edu") -> nhh5@cornell.edu | C20: nhh5 | D20: Baja | E20: Red - Code violation (same day action Required) | F20: https://drive.google.com/open?id=18iOgpD_uJExXfOEng28xarrcXyN9R2xz | G20: Fire / electrical (code violation) | H20: Chain compressed gas cylinder to table leg | I20: Email Sent | J20: =IFERROR(__xludf.DUMMYFUNCTION("IF(ISDATE(A20), DATE(YEAR(A20), MONTH(A20), DAY(A20)+ IFS(ISNUMBER(SEARCH(""Red"", E20)), 1, ISNUMBER(SEARCH(""Orange"", E20)), 3, ISNUMBER(SEARCH(""Yellow"", E20)), 10, ISNUMBER(SEARCH(""Ivory"", E20)), 21,TRUE, ""60"")), """")"),45951.0) -> 45951 | K20: 45950
A21: 45952.584 | B21: =CONCATENATE(C21,"@cornell.edu") -> Nhh5@cornell.edu | C21: Nhh5 | D21: Operations Team | E21: Purple - Opportunity for improvement (as time permits) | F21: https://drive.google.com/open?id=1rD264d84PD7vjcoJN8BPcJsPtTNfB0WK | G21: Maintenance/ facilities | H21: Design better vertical storage for sheet goods. 4‘ x 8‘. | I21: Old | J21: =IFERROR(__xludf.DUMMYFUNCTION("IF(ISDATE(A21), DATE(YEAR(A21), MONTH(A21), DAY(A21)+ IFS(ISNUMBER(SEARCH(""Red"", E21)), 1, ISNUMBER(SEARCH(""Orange"", E21)), 3, ISNUMBER(SEARCH(""Yellow"", E21)), 10, ISNUMBER(SEARCH(""Ivory"", E21)), 21,TRUE, ""60"")), """")"),46012.0) -> 46012
A22: 45952.585 | B22: =CONCATENATE(C22,"@cornell.edu") -> Nhh5@cornell.edu | C22: Nhh5 | D22: Operations Team | E22: Ivory - Below standard (demonstrate improvement in 14-21 days) | F22: https://drive.google.com/open?id=1A97dmPWHNR31nQhwDIxersrMv-w3rTrW | G22: Maintenance/ facilities | H22: Replace paint booth exhaust filters | I22: Jatin and Eve took it on | J22: =IFERROR(__xludf.DUMMYFUNCTION("IF(ISDATE(A22), DATE(YEAR(A22), MONTH(A22), DAY(A22)+ IFS(ISNUMBER(SEARCH(""Red"", E22)), 1, ISNUMBER(SEARCH(""Orange"", E22)), 3, ISNUMBER(SEARCH(""Yellow"", E22)), 10, ISNUMBER(SEARCH(""Ivory"", E22)), 21,TRUE, ""60"")), """")"),45973.0) -> 45973 | K22: 45964
A23: 45959.376 | B23: =CONCATENATE(C23,"@cornell.edu") -> Nhh5@cornell.edu | C23: Nhh5 | D23: Baja | E23: Orange - Operations/ Safety issue (resolve in 2-3 business days) | G23: Unsafe Work Practices | H23: Get welder cables off floor. | I23: Email Sent | J23: =IFERROR(__xludf.DUMMYFUNCTION("IF(ISDATE(A23), DATE(YEAR(A23), MONTH(A23), DAY(A23)+ IFS(ISNUMBER(SEARCH(""Red"", E23)), 1, ISNUMBER(SEARCH(""Orange"", E23)), 3, ISNUMBER(SEARCH(""Yellow"", E23)), 10, ISNUMBER(SEARCH(""Ivory"", E23)), 21,TRUE, ""60"")), """")"),45962.0) -> 45962 | K23: 45962
A24: 45959.377 | B24: =CONCATENATE(C24,"@cornell.edu") -> Nhh5@cornell.edu | C24: Nhh5 | D24: Baja | E24: Red - Code violation (same day action Required) | F24: https://drive.google.com/open?id=1-7XqwdVL-j4aeqhs3MK4XY0jOus6LqOs | G24: Egress / access | H24: Clear access areas | I24: Email Sent | J24: =IFERROR(__xludf.DUMMYFUNCTION("IF(ISDATE(A24), DATE(YEAR(A24), MONTH(A24), DAY(A24)+ IFS(ISNUMBER(SEARCH(""Red"", E24)), 1, ISNUMBER(SEARCH(""Orange"", E24)), 3, ISNUMBER(SEARCH(""Yellow"", E24)), 10, ISNUMBER(SEARCH(""Ivory"", E24)), 21,TRUE, ""60"")), """")"),45960.0) -> 45960 | K24: 45960
A25: 45959.378 | B25: =CONCATENATE(C25,"@cornell.edu") -> Nhh5@cornell.edu | C25: Nhh5 | D25: Baja | E25: Red - Code violation (same day action Required) | F25: https://drive.google.com/open?id=1C2O9zg0kXZ8vKHEdR54vLTMAKOfPGGcS | G25: Fire / electrical (code violation) | H25: Store gas cans in flammables cabinet | I25: Email Sent | J25: =IFERROR(__xludf.DUMMYFUNCTION("IF(ISDATE(A25), DATE(YEAR(A25), MONTH(A25), DAY(A25)+ IFS(ISNUMBER(SEARCH(""Red"", E25)), 1, ISNUMBER(SEARCH(""Orange"", E25)), 3, ISNUMBER(SEARCH(""Yellow"", E25)), 10, ISNUMBER(SEARCH(""Ivory"", E25)), 21,TRUE, ""60"")), """")"),45960.0) -> 45960 | K25: 45960
A26: 45959.379 | B26: =CONCATENATE(C26,"@cornell.edu") -> Nhh5@cornell.edu | C26: Nhh5 | D26: Formula | E26: Red - Code violation (same day action Required) | F26: https://drive.google.com/open?id=1Djirgeu3f7r4fq4Xcew83PfEAO4Qsy5s | G26: Fire / electrical (code violation) | H26: Clear area in front of fire extinguisher | I26: Email Sent | J26: =IFERROR(__xludf.DUMMYFUNCTION("IF(ISDATE(A26), DATE(YEAR(A26), MONTH(A26), DAY(A26)+ IFS(ISNUMBER(SEARCH(""Red"", E26)), 1, ISNUMBER(SEARCH(""Orange"", E26)), 3, ISNUMBER(SEARCH(""Yellow"", E26)), 10, ISNUMBER(SEARCH(""Ivory"", E26)), 21,TRUE, ""60"")), """")"),45960.0) -> 45960 | K26: 45960
A27: 45959.675 | B27: =CONCATENATE(C27,"@cornell.edu") -> Nhh5@cornell.edu | C27: Nhh5 | D27: Operations Team | E27: Yellow - Stewardship concern (resolve in 7-10 days) | F27: https://drive.google.com/open?id=1TUZqpxJrsyJtnjf-jPi1ro9-BRdytLcd | G27: Egress / access | H27: Pick up stones from pavement and put them on island closer to the auto lab door so they don’t roll off again. | I27: Email Sent | J27: =IFERROR(__xludf.DUMMYFUNCTION("IF(ISDATE(A27), DATE(YEAR(A27), MONTH(A27), DAY(A27)+ IFS(ISNUMBER(SEARCH(""Red"", E27)), 1, ISNUMBER(SEARCH(""Orange"", E27)), 3, ISNUMBER(SEARCH(""Yellow"", E27)), 10, ISNUMBER(SEARCH(""Ivory"", E27)), 21,TRUE, ""60"")), """")"),45969.0) -> 45969 | K27: 45962
A28: 45961.384 | B28: =CONCATENATE(C28,"@cornell.edu") -> Nhh5@cornell.edu | C28: Nhh5 | D28: CUAir | E28: Yellow - Stewardship concern (resolve in 7-10 days) | G28: Shared space (misuse of) | H28: Store Orion parts in team space not in front of shared equipment. | I28: Email Sent | J28: =IFERROR(__xludf.DUMMYFUNCTION("IF(ISDATE(A28), DATE(YEAR(A28), MONTH(A28), DAY(A28)+ IFS(ISNUMBER(SEARCH(""Red"", E28)), 1, ISNUMBER(SEARCH(""Orange"", E28)), 3, ISNUMBER(SEARCH(""Yellow"", E28)), 10, ISNUMBER(SEARCH(""Ivory"", E28)), 21,TRUE, ""60"")), """")"),45971.0) -> 45971 | K28: 45972
A29: 45961.388 | B29: =CONCATENATE(C29,"@cornell.edu") -> Nhh5@cornell.edu | C29: Nhh5 | D29: Operations Team | E29: Orange - Operations/ Safety issue (resolve in 2-3 business days) | F29: https://drive.google.com/open?id=1rGDOeXchU_75BhP1HMOPWZ1q2L3BoXaP | G29: Unsafe Work Practices | H29: Secure lumber so it won’t fall and ID owners to advise same. | J29: =IFERROR(__xludf.DUMMYFUNCTION("IF(ISDATE(A29), DATE(YEAR(A29), MONTH(A29), DAY(A29)+ IFS(ISNUMBER(SEARCH(""Red"", E29)), 1, ISNUMBER(SEARCH(""Orange"", E29)), 3, ISNUMBER(SEARCH(""Yellow"", E29)), 10, ISNUMBER(SEARCH(""Ivory"", E29)), 21,TRUE, ""60"")), """")"),45964.0) -> 45964 | K29: 45965
A30: 45961.39 | B30: =CONCATENATE(C30,"@cornell.edu") -> Nhh5@cornell.edu | C30: Nhh5 | D30: Operations Team | E30: Yellow - Stewardship concern (resolve in 7-10 days) | F30: https://drive.google.com/open?id=1zYjmdJ0ZSWGRYxppxo0OuO_TA1SGLH5j | G30: Housekeeping | H30: Clear floor around workbench | J30: =IFERROR(__xludf.DUMMYFUNCTION("IF(ISDATE(A30), DATE(YEAR(A30), MONTH(A30), DAY(A30)+ IFS(ISNUMBER(SEARCH(""Red"", E30)), 1, ISNUMBER(SEARCH(""Orange"", E30)), 3, ISNUMBER(SEARCH(""Yellow"", E30)), 10, ISNUMBER(SEARCH(""Ivory"", E30)), 21,TRUE, ""60"")), """")"),45971.0) -> 45971 | K30: 45971
A31: 45961.394 | B31: =CONCATENATE(C31,"@cornell.edu") -> Nhh5@cornell.edu | C31: Nhh5 | D31: Baja | E31: Yellow - Stewardship concern (resolve in 7-10 days) | F31: https://drive.google.com/open?id=1D3qL8TNVc7-zvT5jNVjWzs4qgRazBxpV | G31: Housekeeping | H31: Please empty cabinet for relocation | I31: Email Sent | J31: =IFERROR(__xludf.DUMMYFUNCTION("IF(ISDATE(A31), DATE(YEAR(A31), MONTH(A31), DAY(A31)+ IFS(ISNUMBER(SEARCH(""Red"", E31)), 1, ISNUMBER(SEARCH(""Orange"", E31)), 3, ISNUMBER(SEARCH(""Yellow"", E31)), 10, ISNUMBER(SEARCH(""Ivory"", E31)), 21,TRUE, ""60"")), """")"),45971.0) -> 45971
A32: 45967.544 | B32: =CONCATENATE(C32,"@cornell.edu") -> Nhh5@cornell.edu | C32: Nhh5 | D32: Baja | E32: Purple - Opportunity for improvement (as time permits) | F32: https://drive.google.com/open?id=1o7d5biGDr7eD_qug17NvNQh1fYBUj_5q | G32: Unsafe Work Practices | H32: Test | I32: Email Sent | J32: =IFERROR(__xludf.DUMMYFUNCTION("IF(ISDATE(A32), DATE(YEAR(A32), MONTH(A32), DAY(A32)+ IFS(ISNUMBER(SEARCH(""Red"", E32)), 1, ISNUMBER(SEARCH(""Orange"", E32)), 3, ISNUMBER(SEARCH(""Yellow"", E32)), 10, ISNUMBER(SEARCH(""Ivory"", E32)), 21,TRUE, ""60"")), """")"),46027.0) -> 46027 | K32: 45966
A33: 45967.57 | B33: =CONCATENATE(C33,"@cornell.edu") -> Nhh5@cornell.edu | C33: Nhh5 | D33: CUAir | E33: Ivory - Below standard (demonstrate improvement in 14-21 days) | F33: https://drive.google.com/open?id=1yaJWGvoit8IELsPGJon8Uot_H55H-3Xt | G33: Housekeeping | H33: Clean up composites corner to improve access and organization | I33: Email Sent | J33: =IFERROR(__xludf.DUMMYFUNCTION("IF(ISDATE(A33), DATE(YEAR(A33), MONTH(A33), DAY(A33)+ IFS(ISNUMBER(SEARCH(""Red"", E33)), 1, ISNUMBER(SEARCH(""Orange"", E33)), 3, ISNUMBER(SEARCH(""Yellow"", E33)), 10, ISNUMBER(SEARCH(""Ivory"", E33)), 21,TRUE, ""60"")), """")"),45988.0) -> 45988
A34: 45967.572 | B34: =CONCATENATE(C34,"@cornell.edu") -> Nhh5 @cornell.edu | C34: Nhh5 | D34: CEV | E34: Yellow - Stewardship concern (resolve in 7-10 days) | F34: https://drive.google.com/open?id=1GU--yibtx14WJZ0_sNuqmbNL8j73iLRt | G34: Shared space (misuse of) | H34: Clear downdraft table when not in use | I34: Email Sent | J34: =IFERROR(__xludf.DUMMYFUNCTION("IF(ISDATE(A34), DATE(YEAR(A34), MONTH(A34), DAY(A34)+ IFS(ISNUMBER(SEARCH(""Red"", E34)), 1, ISNUMBER(SEARCH(""Orange"", E34)), 3, ISNUMBER(SEARCH(""Yellow"", E34)), 10, ISNUMBER(SEARCH(""Ivory"", E34)), 21,TRUE, ""60"")), """")"),45977.0) -> 45977 | K34: 45971
A35: 45971.375 | B35: nhh5@cornell.edu | C35: Nhh5 | D35: Formula | E35: Yellow - Stewardship Concern (resolve in 7-10 days) | F35: https://drive.google.com/open?id=1TsTIvzGNhcttVMZnPgTe3qVgU0VsCkeF | G35: Maintenance/ facilities | H35: Remove spray paint from wall outside autolab | I35: Email Sent | J35: =IFERROR(__xludf.DUMMYFUNCTION("IF(ISDATE(A35), DATE(YEAR(A35), MONTH(A35), DAY(A35)+ IFS(ISNUMBER(SEARCH(""Red"", E35)), 1, ISNUMBER(SEARCH(""Orange"", E35)), 3, ISNUMBER(SEARCH(""Yellow"", E35)), 10, ISNUMBER(SEARCH(""Ivory"", E35)), 21,TRUE, ""60"")), """")"),45981.0) -> 45981 | K35: 45972
A36: 45971.421 | B36: nhh5@cornell.edu | C36: Nhh5 | D36: Formula | E36: Yellow - Stewardship Concern (resolve in 7-10 days) | F36: https://drive.google.com/open?id=1iomJVuZ19QsXWRUe6B02t_ql9QHyqJTr | G36: Work Practices | H36: Please clear out painted rocks (put in dumpster) | I36: Email Sent | J36: =IFERROR(__xludf.DUMMYFUNCTION("IF(ISDATE(A36), DATE(YEAR(A36), MONTH(A36), DAY(A36)+ IFS(ISNUMBER(SEARCH(""Red"", E36)), 1, ISNUMBER(SEARCH(""Orange"", E36)), 3, ISNUMBER(SEARCH(""Yellow"", E36)), 10, ISNUMBER(SEARCH(""Ivory"", E36)), 21,TRUE, ""60"")), """")"),45981.0) -> 45981 | K36: 45972
A37: 45971.425 | B37: nhh5@cornell.edu | C37: Nhh5 | D37: Baja | E37: Orange - Operations Safety (resolve in 2-3 business days) | F37: https://drive.google.com/open?id=1l45SBxHjJXbdD2SEDfSi3sBh1qsgbE6r | G37: Chemical storage | H37: Empty oil into 5gal pail for R5 pickup. | I37: Email Sent | J37: =IFERROR(__xludf.DUMMYFUNCTION("IF(ISDATE(A37), DATE(YEAR(A37), MONTH(A37), DAY(A37)+ IFS(ISNUMBER(SEARCH(""Red"", E37)), 1, ISNUMBER(SEARCH(""Orange"", E37)), 3, ISNUMBER(SEARCH(""Yellow"", E37)), 10, ISNUMBER(SEARCH(""Ivory"", E37)), 21,TRUE, ""60"")), """")"),45974.0) -> 45974 | K37: 45973
A38: 45971.437 | B38: nhh5@cornell.edu | C38: Nhh5 | D38: Concrete Canoe | E38: Orange - Operations Safety (resolve in 2-3 business days) | F38: https://drive.google.com/open?id=1kFViKfhSK_t8CK6wcdJdNkaH7GrxyU95 | G38: Egress / access | H38: Assuming this is CCC’s - Move foam to HVL can’t block walkway. | I38: Email Sent | J38: =IFERROR(__xludf.DUMMYFUNCTION("IF(ISDATE(A38), DATE(YEAR(A38), MONTH(A38), DAY(A38)+ IFS(ISNUMBER(SEARCH(""Red"", E38)), 1, ISNUMBER(SEARCH(""Orange"", E38)), 3, ISNUMBER(SEARCH(""Yellow"", E38)), 10, ISNUMBER(SEARCH(""Ivory"", E38)), 21,TRUE, ""60"")), """")"),45974.0) -> 45974 | K38: 45978
A39: 45974.685 | B39: jam834@cornell.edu | C39: jam834 | D39: EWH | E39: Orange - Operations Safety (resolve in 2-3 business days) | F39: https://drive.google.com/open?id=16-2ZzgFD8n9wZYaniPOz0w6NisXEwoO_ | G39: Fire code | H39: Assuming EWH. Wheelchair cannot be in front of the electrical panel. A note has been left on the chair by myself and I moved the chair on one occasion, but it keeps being replaced there. | I39: Email Sent | J39: =IFERROR(__xludf.DUMMYFUNCTION("IF(ISDATE(A39), DATE(YEAR(A39), MONTH(A39), DAY(A39)+ IFS(ISNUMBER(SEARCH(""Red"", E39)), 1, ISNUMBER(SEARCH(""Orange"", E39)), 3, ISNUMBER(SEARCH(""Yellow"", E39)), 10, ISNUMBER(SEARCH(""Ivory"", E39)), 21,TRUE, ""60"")), """")"),45977.0) -> 45977
A40: 45974.686 | B40: jam834@cornell.edu | C40: jam834 | D40: EWH | E40: Orange - Operations Safety (resolve in 2-3 business days) | F40: https://drive.google.com/open?id=18GFZyZDJ1WJcR3ieXj1Yw5iJKXofAb_- | G40: Fire code | H40: Assuming EWH. Buckets / boxes cannot be placed in front of electrical panel. | I40: Email Sent | J40: =IFERROR(__xludf.DUMMYFUNCTION("IF(ISDATE(A40), DATE(YEAR(A40), MONTH(A40), DAY(A40)+ IFS(ISNUMBER(SEARCH(""Red"", E40)), 1, ISNUMBER(SEARCH(""Orange"", E40)), 3, ISNUMBER(SEARCH(""Yellow"", E40)), 10, ISNUMBER(SEARCH(""Ivory"", E40)), 21,TRUE, ""60"")), """")"),45977.0) -> 45977
A41: 45974.687 | B41: jam834@cornell.edu | C41: jam834 | D41: Unknown / unsure | E41: Orange - Operations Safety (resolve in 2-3 business days) | F41: https://drive.google.com/open?id=1mQ8i67BWT-5bGibx-MAF1fsWzVJgi1QP | G41: Fire code | H41: None of the Baja / FSAE team members I've spoken to know whose this crane is, but it is blocking the walkway / electrical panel. I have moved it once before, but it continues to be placed in this spot. | J41: =IFERROR(__xludf.DUMMYFUNCTION("IF(ISDATE(A41), DATE(YEAR(A41), MONTH(A41), DAY(A41)+ IFS(ISNUMBER(SEARCH(""Red"", E41)), 1, ISNUMBER(SEARCH(""Orange"", E41)), 3, ISNUMBER(SEARCH(""Yellow"", E41)), 10, ISNUMBER(SEARCH(""Ivory"", E41)), 21,TRUE, ""60"")), """")"),45977.0) -> 45977
A42: 45975.728 | B42: nhh5@cornell.edu | C42: Nhh5 | D42: Baja | E42: Purple - Opportunity for improvement (as time permits) | G42: Housekeeping | H42: Test | I42: Email Sent | J42: =IFERROR(__xludf.DUMMYFUNCTION("IF(ISDATE(A42), DATE(YEAR(A42), MONTH(A42), DAY(A42)+ IFS(ISNUMBER(SEARCH(""Red"", E42)), 1, ISNUMBER(SEARCH(""Orange"", E42)), 3, ISNUMBER(SEARCH(""Yellow"", E42)), 10, ISNUMBER(SEARCH(""Ivory"", E42)), 21,TRUE, ""60"")), """")"),46035.0) -> 46035
A43: 45976.53 | B43: jam834@cornell.edu | C43: jam834 | D43: Geodata | E43: Yellow - Stewardship Concern (resolve in 7-10 days) | G43: Shared space | H43: Boxes appearing to contain geodata materials was placed in front of the EWH shelves. Please refrain from doing so and respect the storage areas of your fellow teams. The boxes were moved in front of the geodata shelves. | I43: Email Sent | J43: =IFERROR(__xludf.DUMMYFUNCTION("IF(ISDATE(A43), DATE(YEAR(A43), MONTH(A43), DAY(A43)+ IFS(ISNUMBER(SEARCH(""Red"", E43)), 1, ISNUMBER(SEARCH(""Orange"", E43)), 3, ISNUMBER(SEARCH(""Yellow"", E43)), 10, ISNUMBER(SEARCH(""Ivory"", E43)), 21,TRUE, ""60"")), """")"),45986.0) -> 45986
A44: 45977.413 | B44: mcm329@cornell.edu | C44: Mcm329 | D44: Unknown / unsure | E44: Red - Code Compliance (same-day action Required) | F44: https://drive.google.com/open?id=1dNbx1aeoMp1ZXsSz8QghQUrmZj2Meur8 | G44: Fire code | H44: Not sure what these are but one fell. I’m on my way back to pick it up but maybe there’s a better spot to store these? red cause they were blocking the way. ended up having to pick them up twice during my shift | J44: =IFERROR(__xludf.DUMMYFUNCTION("IF(ISDATE(A44), DATE(YEAR(A44), MONTH(A44), DAY(A44)+ IFS(ISNUMBER(SEARCH(""Red"", E44)), 1, ISNUMBER(SEARCH(""Orange"", E44)), 3, ISNUMBER(SEARCH(""Yellow"", E44)), 10, ISNUMBER(SEARCH(""Ivory"", E44)), 21,TRUE, ""60"")), """")"),45978.0) -> 45978 | K44: 45978
A45: 45978.62 | B45: nhh5@cornell.edu | C45: Nhh5 | D45: Baja | E45: Orange - Operations Safety (resolve in 2-3 business days) | F45: https://drive.google.com/open?id=1PNU5A-0qAHonIszvNFXADK692wlhKOkH | G45: Chemical storage | H45: Keep flammables off welding table/ hot works area and in flammables cabinet when not in use. | I45: Email Sent | J45: =IFERROR(__xludf.DUMMYFUNCTION("IF(ISDATE(A45), DATE(YEAR(A45), MONTH(A45), DAY(A45)+ IFS(ISNUMBER(SEARCH(""Red"", E45)), 1, ISNUMBER(SEARCH(""Orange"", E45)), 3, ISNUMBER(SEARCH(""Yellow"", E45)), 10, ISNUMBER(SEARCH(""Ivory"", E45)), 21,TRUE, ""60"")), """")"),45981.0) -> 45981 | K45: 45979
A46: 45982.597 | B46: nhh5@cornell.edu | C46: Nhh5 | D46: Formula | E46: Orange - Operations Safety (resolve in 2-3 business days) | F46: https://drive.google.com/open?id=1hQCTHk3xslj4m24P7CZZmpTwX5Fp_k7c | G46: Work Practices | H46: Please keep door closed (or at least mostly closed) when room is not in use. | I46: Email Sent | J46: =IFERROR(__xludf.DUMMYFUNCTION("IF(ISDATE(A46), DATE(YEAR(A46), MONTH(A46), DAY(A46)+ IFS(ISNUMBER(SEARCH(""Red"", E46)), 1, ISNUMBER(SEARCH(""Orange"", E46)), 3, ISNUMBER(SEARCH(""Yellow"", E46)), 10, ISNUMBER(SEARCH(""Ivory"", E46)), 21,TRUE, ""60"")), """")"),45985.0) -> 45985 | K46: 45994
A47: 45982.607 | B47: nhh5@cornell.edu | C47: Nhh5 | D47: Formula | E47: Yellow - Stewardship Concern (resolve in 7-10 days) | G47: Housekeeping | H47: Store material rolls so the won’t fall or lean on waste chemical drum | I47: Email Sent | J47: =IFERROR(__xludf.DUMMYFUNCTION("IF(ISDATE(A47), DATE(YEAR(A47), MONTH(A47), DAY(A47)+ IFS(ISNUMBER(SEARCH(""Red"", E47)), 1, ISNUMBER(SEARCH(""Orange"", E47)), 3, ISNUMBER(SEARCH(""Yellow"", E47)), 10, ISNUMBER(SEARCH(""Ivory"", E47)), 21,TRUE, ""60"")), """")"),45992.0) -> 45992
A48: 45992.835 | B48: nh428@cornell.edu | C48: nh428 | D48: Operations Team | E48: Yellow - Stewardship Concern (resolve in 7-10 days) | G48: Housekeeping | H48: Carbon fiber and metal tubes on the right side of B60 on the verge of falling | J48: =IFERROR(__xludf.DUMMYFUNCTION("IF(ISDATE(A48), DATE(YEAR(A48), MONTH(A48), DAY(A48)+ IFS(ISNUMBER(SEARCH(""Red"", E48)), 1, ISNUMBER(SEARCH(""Orange"", E48)), 3, ISNUMBER(SEARCH(""Yellow"", E48)), 10, ISNUMBER(SEARCH(""Ivory"", E48)), 21,TRUE, ""60"")), """")"),46002.0) -> 46002 | K48: 45994
A49: 46043.679 | B49: nhh5@cornell.edu | C49: Nhh5 | D49: AutoBoat | E49: Orange - Operations Safety (resolve in 2-3 business days) | F49: https://drive.google.com/open?id=123AIpsKqNibRFF3EB1mKLcqO3XH4F6Ds | G49: Egress / access | H49: Remove materials that are blocking access to flammables cabinets | I49: Email Sent | J49: =IFERROR(__xludf.DUMMYFUNCTION("IF(ISDATE(A49), DATE(YEAR(A49), MONTH(A49), DAY(A49)+ IFS(ISNUMBER(SEARCH(""Red"", E49)), 1, ISNUMBER(SEARCH(""Orange"", E49)), 3, ISNUMBER(SEARCH(""Yellow"", E49)), 10, ISNUMBER(SEARCH(""Ivory"", E49)), 21,TRUE, ""60"")), """")"),46046.0) -> 46046
A50: 46043.68 | B50: nhh5@cornell.edu | C50: Nhh5 | D50: Formula | E50: Orange - Operations Safety (resolve in 2-3 business days) | F50: https://drive.google.com/open?id=1H96S9ivvB4e3WGdp0t18sEs4wTBBL_di | G50: Egress / access | H50: Move materials that are blocking access to flammables cabinets | I50: Email Sent | J50: =IFERROR(__xludf.DUMMYFUNCTION("IF(ISDATE(A50), DATE(YEAR(A50), MONTH(A50), DAY(A50)+ IFS(ISNUMBER(SEARCH(""Red"", E50)), 1, ISNUMBER(SEARCH(""Orange"", E50)), 3, ISNUMBER(SEARCH(""Yellow"", E50)), 10, ISNUMBER(SEARCH(""Ivory"", E50)), 21,TRUE, ""60"")), """")"),46046.0) -> 46046
A51: 46045.5 | B51: nhh5@cornell.edu | C51: Nhh5 | D51: CUBMD | E51: Yellow - Stewardship Concern (resolve in 7-10 days) | F51: https://drive.google.com/open?id=1gwY0e1fP97A6wn3fchNxHbcOBaLPp_qo | G51: Housekeeping | H51: Clear team stuff from reservable table when not in use. | I51: Email Sent | J51: =IFERROR(__xludf.DUMMYFUNCTION("IF(ISDATE(A51), DATE(YEAR(A51), MONTH(A51), DAY(A51)+ IFS(ISNUMBER(SEARCH(""Red"", E51)), 1, ISNUMBER(SEARCH(""Orange"", E51)), 3, ISNUMBER(SEARCH(""Yellow"", E51)), 10, ISNUMBER(SEARCH(""Ivory"", E51)), 21,TRUE, ""60"")), """")"),46055.0) -> 46055
A52: 46045.503 | B52: nhh5@cornell.edu | C52: Nhh5 | D52: EWB | E52: Yellow - Stewardship Concern (resolve in 7-10 days) | F52: https://drive.google.com/open?id=1FYy9H_zLArSs6XnS0tonCP7EtnjkWSjm | G52: Housekeeping | H52: Remove teams things from miserable table when not in use | I52: Email Sent | J52: =IFERROR(__xludf.DUMMYFUNCTION("IF(ISDATE(A52), DATE(YEAR(A52), MONTH(A52), DAY(A52)+ IFS(ISNUMBER(SEARCH(""Red"", E52)), 1, ISNUMBER(SEARCH(""Orange"", E52)), 3, ISNUMBER(SEARCH(""Yellow"", E52)), 10, ISNUMBER(SEARCH(""Ivory"", E52)), 21,TRUE, ""60"")), """")"),46055.0) -> 46055
A53: 46045.504 | B53: nhh5@cornell.edu | C53: Nhh5 | D53: ESW | E53: Yellow - Stewardship Concern (resolve in 7-10 days) | F53: https://drive.google.com/open?id=1n9E8iMrdcuLE-S7YWD0QFdQPTbw_ASXM | G53: Housekeeping | H53: Remove team’s things from reservable table when not in use | I53: Email Sent | J53: =IFERROR(__xludf.DUMMYFUNCTION("IF(ISDATE(A53), DATE(YEAR(A53), MONTH(A53), DAY(A53)+ IFS(ISNUMBER(SEARCH(""Red"", E53)), 1, ISNUMBER(SEARCH(""Orange"", E53)), 3, ISNUMBER(SEARCH(""Yellow"", E53)), 10, ISNUMBER(SEARCH(""Ivory"", E53)), 21,TRUE, ""60"")), """")"),46055.0) -> 46055
A54: 46049.575 | B54: nhh5@cornell.edu | C54: Nhh5 | D54: Steel Bridge | E54: Yellow - Stewardship Concern (resolve in 7-10 days) | F54: https://drive.google.com/open?id=1IiOsx9cC44RRxC1rZpDA9S1cAXw0-1dV | G54: Egress / access | H54: Please move as much of the metal stock as possible onto the lowest storage shelf and consolidate the rest to clear the walkway. | I54: Email Sent | J54: =IFERROR(__xludf.DUMMYFUNCTION("IF(ISDATE(A54), DATE(YEAR(A54), MONTH(A54), DAY(A54)+ IFS(ISNUMBER(SEARCH(""Red"", E54)), 1, ISNUMBER(SEARCH(""Orange"", E54)), 3, ISNUMBER(SEARCH(""Yellow"", E54)), 10, ISNUMBER(SEARCH(""Ivory"", E54)), 21,TRUE, ""60"")), """")"),46059.0) -> 46059
A55: 46051.545 | B55: nhh5@cornell.edu | C55: Nhh5 | D55: AutoBoat | E55: Orange - Operations Safety (resolve in 2-3 business days) | F55: https://drive.google.com/open?id=1GeBWk2YHdB5lxc4Ks54YSWOsGuOgR29n | G55: Egress / access | H55: Move materials that are blocking the equipment in the hallway. Can relocate to basement of rhodes hall (storage cages) rhodes penthouse storage cages, or the high volt lab. Consult with operations staff. | I55: Email Sent | J55: =IFERROR(__xludf.DUMMYFUNCTION("IF(ISDATE(A55), DATE(YEAR(A55), MONTH(A55), DAY(A55)+ IFS(ISNUMBER(SEARCH(""Red"", E55)), 1, ISNUMBER(SEARCH(""Orange"", E55)), 3, ISNUMBER(SEARCH(""Yellow"", E55)), 10, ISNUMBER(SEARCH(""Ivory"", E55)), 21,TRUE, ""60"")), """")"),46054.0) -> 46054
A56: 46051.546 | B56: nhh5@cornell.edu | C56: Nhh5 | D56: Formula | E56: Yellow - Stewardship Concern (resolve in 7-10 days) | F56: https://drive.google.com/open?id=1Sxgx7LoZNK5bS7JrQSzKlFpmebduI5MZ | G56: Housekeeping | H56: Move materials to storage. | I56: Email Sent | J56: =IFERROR(__xludf.DUMMYFUNCTION("IF(ISDATE(A56), DATE(YEAR(A56), MONTH(A56), DAY(A56)+ IFS(ISNUMBER(SEARCH(""Red"", E56)), 1, ISNUMBER(SEARCH(""Orange"", E56)), 3, ISNUMBER(SEARCH(""Yellow"", E56)), 10, ISNUMBER(SEARCH(""Ivory"", E56)), 21,TRUE, ""60"")), """")"),46061.0) -> 46061
A57: 46051.547 | B57: nhh5@cornell.edu | C57: Nhh5 | D57: Baja | E57: Yellow - Stewardship Concern (resolve in 7-10 days) | F57: https://drive.google.com/open?id=1dZBknIO9wAfF2yogyx4h_it3hjqU7Hb6 | G57: Housekeeping | H57: Move materials to storage. | I57: Email Sent | J57: =IFERROR(__xludf.DUMMYFUNCTION("IF(ISDATE(A57), DATE(YEAR(A57), MONTH(A57), DAY(A57)+ IFS(ISNUMBER(SEARCH(""Red"", E57)), 1, ISNUMBER(SEARCH(""Orange"", E57)), 3, ISNUMBER(SEARCH(""Yellow"", E57)), 10, ISNUMBER(SEARCH(""Ivory"", E57)), 21,TRUE, ""60"")), """")"),46061.0) -> 46061
A58: 46051.549 | B58: nhh5@cornell.edu | C58: Nhh5 | D58: CUAir | E58: Yellow - Stewardship Concern (resolve in 7-10 days) | F58: https://drive.google.com/open?id=1Eur9CX_es2zhaRGL9CkYPvSJQryCmXBO | G58: Housekeeping | H58: Tidy up area, store chemicals and remove excess cardboard from upper shelving. | I58: Email Sent | J58: =IFERROR(__xludf.DUMMYFUNCTION("IF(ISDATE(A58), DATE(YEAR(A58), MONTH(A58), DAY(A58)+ IFS(ISNUMBER(SEARCH(""Red"", E58)), 1, ISNUMBER(SEARCH(""Orange"", E58)), 3, ISNUMBER(SEARCH(""Yellow"", E58)), 10, ISNUMBER(SEARCH(""Ivory"", E58)), 21,TRUE, ""60"")), """")"),46061.0) -> 46061
A59: 46051.552 | B59: nhh5@cornell.edu | C59: Nhh5 | D59: Baja | E59: Red - Code Compliance (same-day action Required) | F59: https://drive.google.com/open?id=1VXHv8A1J6d84DRsp3ztoxUEPNsEWvIUt | G59: Fire code | H59: Store fuel and flammables (not in hot work area), clear access areas for eye wash and electrical panel. | I59: Email Sent | J59: =IFERROR(__xludf.DUMMYFUNCTION("IF(ISDATE(A59), DATE(YEAR(A59), MONTH(A59), DAY(A59)+ IFS(ISNUMBER(SEARCH(""Red"", E59)), 1, ISNUMBER(SEARCH(""Orange"", E59)), 3, ISNUMBER(SEARCH(""Yellow"", E59)), 10, ISNUMBER(SEARCH(""Ivory"", E59)), 21,TRUE, ""60"")), """")"),46052.0) -> 46052
A60: 46051.554 | B60: nhh5@cornell.edu | C60: Nhh5 | D60: Formula | E60: Red - Code Compliance (same-day action Required) | F60: https://drive.google.com/open?id=1ymY04ayEDichfhr93CXiBWvmyY-9MAy8 | G60: Fire code | H60: Move field test extinguishers to storage | I60: Email Sent | J60: =IFERROR(__xludf.DUMMYFUNCTION("IF(ISDATE(A60), DATE(YEAR(A60), MONTH(A60), DAY(A60)+ IFS(ISNUMBER(SEARCH(""Red"", E60)), 1, ISNUMBER(SEARCH(""Orange"", E60)), 3, ISNUMBER(SEARCH(""Yellow"", E60)), 10, ISNUMBER(SEARCH(""Ivory"", E60)), 21,TRUE, ""60"")), """")"),46052.0) -> 46052
A61: 46051.557 | B61: nhh5@cornell.edu | C61: Nhh5 | D61: Formula | E61: Orange - Operations Safety (resolve in 2-3 business days) | F61: https://drive.google.com/open?id=1-5zH3kfAOTfFAemrPT6JUNMwQC2geGTL | G61: Egress / access | H61: Reroute cables to eliminate tripping hazard | I61: Email Sent | J61: =IFERROR(__xludf.DUMMYFUNCTION("IF(ISDATE(A61), DATE(YEAR(A61), MONTH(A61), DAY(A61)+ IFS(ISNUMBER(SEARCH(""Red"", E61)), 1, ISNUMBER(SEARCH(""Orange"", E61)), 3, ISNUMBER(SEARCH(""Yellow"", E61)), 10, ISNUMBER(SEARCH(""Ivory"", E61)), 21,TRUE, ""60"")), """")"),46054.0) -> 46054
A62: 46051.561 | B62: nhh5@cornell.edu | C62: Nhh5 | D62: Formula | E62: Yellow - Stewardship Concern (resolve in 7-10 days) | F62: https://drive.google.com/open?id=1piiK5nWmTlQO2SDuG9uLGfZcZ3IfgQIm | G62: Housekeeping | H62: Tidy up hallway and toss recycling. | I62: Email Sent | J62: =IFERROR(__xludf.DUMMYFUNCTION("IF(ISDATE(A62), DATE(YEAR(A62), MONTH(A62), DAY(A62)+ IFS(ISNUMBER(SEARCH(""Red"", E62)), 1, ISNUMBER(SEARCH(""Orange"", E62)), 3, ISNUMBER(SEARCH(""Yellow"", E62)), 10, ISNUMBER(SEARCH(""Ivory"", E62)), 21,TRUE, ""60"")), """")"),46061.0) -> 46061
A63: 46051.562 | B63: nhh5@cornell.edu | C63: Nhh5 | D63: Formula | E63: Yellow - Stewardship Concern (resolve in 7-10 days) | F63: https://drive.google.com/open?id=1pMGblt_xj3L9UkKzdDwZa2Jzxiq5mozv | G63: Housekeeping | H63: Remove plywood from b60 | I63: Email Sent | J63: =IFERROR(__xludf.DUMMYFUNCTION("IF(ISDATE(A63), DATE(YEAR(A63), MONTH(A63), DAY(A63)+ IFS(ISNUMBER(SEARCH(""Red"", E63)), 1, ISNUMBER(SEARCH(""Orange"", E63)), 3, ISNUMBER(SEARCH(""Yellow"", E63)), 10, ISNUMBER(SEARCH(""Ivory"", E63)), 21,TRUE, ""60"")), """")"),46061.0) -> 46061
A64: 46055.438 | B64: nhh5@cornell.edu | C64: Nhh5 | D64: Mars Rover | E64: Ivory - Below Standards (address in 14-21 days) | F64: https://drive.google.com/open?id=197mQTgsCe_4Lqls0jAUk_rnT5RKpErG2 | G64: Housekeeping | H64: Use shop vac to clean up sawdust/debris | I64: Email Sent | J64: =IFERROR(__xludf.DUMMYFUNCTION("IF(ISDATE(A64), DATE(YEAR(A64), MONTH(A64), DAY(A64)+ IFS(ISNUMBER(SEARCH(""Red"", E64)), 1, ISNUMBER(SEARCH(""Orange"", E64)), 3, ISNUMBER(SEARCH(""Yellow"", E64)), 10, ISNUMBER(SEARCH(""Ivory"", E64)), 21,TRUE, ""60"")), """")"),46076.0) -> 46076 | K64: 46057
A65: 46056.686 | B65: jam834@cornell.edu | C65: jam834 | D65: Unknown / unsure | E65: Ivory - Below Standards (address in 14-21 days) | F65: https://drive.google.com/open?id=1bdY0aZ9opcN6t_Jj0-7h8h1MDLdVi_ZL | G65: Housekeeping | H65: Area near paint booth needs picking up. Not sure which team's materials these are. | J65: =IFERROR(__xludf.DUMMYFUNCTION("IF(ISDATE(A65), DATE(YEAR(A65), MONTH(A65), DAY(A65)+ IFS(ISNUMBER(SEARCH(""Red"", E65)), 1, ISNUMBER(SEARCH(""Orange"", E65)), 3, ISNUMBER(SEARCH(""Yellow"", E65)), 10, ISNUMBER(SEARCH(""Ivory"", E65)), 21,TRUE, ""60"")), """")"),46077.0) -> 46077
A66: 46056.689 | B66: jam834@cornell.edu | C66: jam834 | D66: DEBUT | E66: Orange - Operations Safety (resolve in 2-3 business days) | F66: https://drive.google.com/open?id=1iOJWkEejMvijXob_rhDXUeHslAd4laYN | G66: Egress / access | H66: Wheelchair cannot be blocking the electrical panel. Chair moved out of the way. | I66: Email Sent | J66: =IFERROR(__xludf.DUMMYFUNCTION("IF(ISDATE(A66), DATE(YEAR(A66), MONTH(A66), DAY(A66)+ IFS(ISNUMBER(SEARCH(""Red"", E66)), 1, ISNUMBER(SEARCH(""Orange"", E66)), 3, ISNUMBER(SEARCH(""Yellow"", E66)), 10, ISNUMBER(SEARCH(""Ivory"", E66)), 21,TRUE, ""60"")), """")"),46059.0) -> 46059
A67: 46065.917 | B67: nh428@cornell.edu | C67: Nh428 | D67: Unknown / unsure | E67: Orange - Operations Safety (resolve in 2-3 business days) | F67: https://drive.google.com/open?id=12B-9rB2hdSCYwngV6_Ps2_-tBwbC_xsY | G67: Fire code | H67: Materials in fire lane, unsure of whose | J67: =IFERROR(__xludf.DUMMYFUNCTION("IF(ISDATE(A67), DATE(YEAR(A67), MONTH(A67), DAY(A67)+ IFS(ISNUMBER(SEARCH(""Red"", E67)), 1, ISNUMBER(SEARCH(""Orange"", E67)), 3, ISNUMBER(SEARCH(""Yellow"", E67)), 10, ISNUMBER(SEARCH(""Ivory"", E67)), 21,TRUE, ""60"")), """")"),46068.0) -> 46068
A68: 46076.432 | B68: nhh5@cornell.edu | C68: Nhh5 | D68: Concrete Canoe | E68: Orange - Operations Safety (resolve in 2-3 business days) | F68: https://drive.google.com/open?id=1G2Hax0RSCyVwEUURElK7o2C9EIR9KdDk | G68: Housekeeping | H68: Please pick up these new vacuums and dust control lids for the mix crew and bring them to the HVL ASAP | I68: Email Sent | J68: =IFERROR(__xludf.DUMMYFUNCTION("IF(ISDATE(A68), DATE(YEAR(A68), MONTH(A68), DAY(A68)+ IFS(ISNUMBER(SEARCH(""Red"", E68)), 1, ISNUMBER(SEARCH(""Orange"", E68)), 3, ISNUMBER(SEARCH(""Yellow"", E68)), 10, ISNUMBER(SEARCH(""Ivory"", E68)), 21,TRUE, ""60"")), """")"),46079.0) -> 46079
A69: 46076.689 | B69: nhh5@cornell.edu | C69: Nhh5 | D69: CEV | E69: Orange - Operations Safety (resolve in 2-3 business days) | F69: https://drive.google.com/open?id=1dsW-H0n7DZvHBvsi6AOY_4LsJpGdsyRj | G69: Fire code | H69: Need to clean up CEV space in composites lab by end of day Wednesday for fire inspection. | I69: Email Sent | J69: =IFERROR(__xludf.DUMMYFUNCTION("IF(ISDATE(A69), DATE(YEAR(A69), MONTH(A69), DAY(A69)+ IFS(ISNUMBER(SEARCH(""Red"", E69)), 1, ISNUMBER(SEARCH(""Orange"", E69)), 3, ISNUMBER(SEARCH(""Yellow"", E69)), 10, ISNUMBER(SEARCH(""Ivory"", E69)), 21,TRUE, ""60"")), """")"),46079.0) -> 46079
A70: 46077.397 | B70: nhh5@cornell.edu | C70: Nhh5 | D70: Baja | E70: Red - Code Compliance (same-day action Required) | F70: https://drive.google.com/open?id=1ki7v4nFCI88KEppqhRE-QyFNxWm_YwEM | G70: Fire code | H70: Clear panel access areas | I70: Email Sent | J70: =IFERROR(__xludf.DUMMYFUNCTION("IF(ISDATE(A70), DATE(YEAR(A70), MONTH(A70), DAY(A70)+ IFS(ISNUMBER(SEARCH(""Red"", E70)), 1, ISNUMBER(SEARCH(""Orange"", E70)), 3, ISNUMBER(SEARCH(""Yellow"", E70)), 10, ISNUMBER(SEARCH(""Ivory"", E70)), 21,TRUE, ""60"")), """")"),46078.0) -> 46078
A71: 46077.398 | B71: nhh5@cornell.edu | C71: Nhh5 | D71: Formula | E71: Red - Code Compliance (same-day action Required) | F71: https://drive.google.com/open?id=1nR7RLvHjbAS8MFvnLgpx2j1aRMe4P812 | G71: Fire code | H71: Move cones to avoid blocking extinguisher | I71: Email Sent | J71: =IFERROR(__xludf.DUMMYFUNCTION("IF(ISDATE(A71), DATE(YEAR(A71), MONTH(A71), DAY(A71)+ IFS(ISNUMBER(SEARCH(""Red"", E71)), 1, ISNUMBER(SEARCH(""Orange"", E71)), 3, ISNUMBER(SEARCH(""Yellow"", E71)), 10, ISNUMBER(SEARCH(""Ivory"", E71)), 21,TRUE, ""60"")), """")"),46078.0) -> 46078
A72: 46077.399 | B72: nhh5@cornell.edu | C72: Nhh5 | D72: Formula | E72: Red - Code Compliance (same-day action Required) | F72: https://drive.google.com/open?id=11PKC4BzJgcJ6OxM43nSFywrXKQV-qj4Z | G72: Fire code | H72: Move materials to Rhodes basement cages or HVL to clear hallway | I72: Email Sent | J72: =IFERROR(__xludf.DUMMYFUNCTION("IF(ISDATE(A72), DATE(YEAR(A72), MONTH(A72), DAY(A72)+ IFS(ISNUMBER(SEARCH(""Red"", E72)), 1, ISNUMBER(SEARCH(""Orange"", E72)), 3, ISNUMBER(SEARCH(""Yellow"", E72)), 10, ISNUMBER(SEARCH(""Ivory"", E72)), 21,TRUE, ""60"")), """")"),46078.0) -> 46078
A73: 46077.4 | B73: nhh5@cornell.edu | C73: Nhh5 | D73: Baja | E73: Red - Code Compliance (same-day action Required) | F73: https://drive.google.com/open?id=1ryDai6C-m7tpWQipCHZinxgjT5EwpJ3w | G73: Fire code | H73: Move materials to Rhodes storage or HVL to clear hallway | I73: Email Sent | J73: =IFERROR(__xludf.DUMMYFUNCTION("IF(ISDATE(A73), DATE(YEAR(A73), MONTH(A73), DAY(A73)+ IFS(ISNUMBER(SEARCH(""Red"", E73)), 1, ISNUMBER(SEARCH(""Orange"", E73)), 3, ISNUMBER(SEARCH(""Yellow"", E73)), 10, ISNUMBER(SEARCH(""Ivory"", E73)), 21,TRUE, ""60"")), """")"),46078.0) -> 46078
A74: 46077.402 | B74: nhh5@cornell.edu | C74: Nhh5 | D74: CEV | E74: Red - Code Compliance (same-day action Required) | F74: https://drive.google.com/open?id=1to3zKfiqP5pSmoXTjMb11puq3qxbQUhk | G74: Fire code | H74: Clean up and organize composites space. Remove combustibles. Use Rhodes basement cages or HVL for storage if necessary | I74: Email Sent | J74: =IFERROR(__xludf.DUMMYFUNCTION("IF(ISDATE(A74), DATE(YEAR(A74), MONTH(A74), DAY(A74)+ IFS(ISNUMBER(SEARCH(""Red"", E74)), 1, ISNUMBER(SEARCH(""Orange"", E74)), 3, ISNUMBER(SEARCH(""Yellow"", E74)), 10, ISNUMBER(SEARCH(""Ivory"", E74)), 21,TRUE, ""60"")), """")"),46078.0) -> 46078
A75: 46077.403 | B75: nhh5@cornell.edu | C75: Nhh5 | D75: Formula | E75: Red - Code Compliance (same-day action Required) | F75: https://drive.google.com/open?id=1RWYNAcqHGg2S5swtIQFLLkbkRavyk9i_ | G75: Fire code | H75: Remove/ store material rolls | I75: Email Sent | J75: =IFERROR(__xludf.DUMMYFUNCTION("IF(ISDATE(A75), DATE(YEAR(A75), MONTH(A75), DAY(A75)+ IFS(ISNUMBER(SEARCH(""Red"", E75)), 1, ISNUMBER(SEARCH(""Orange"", E75)), 3, ISNUMBER(SEARCH(""Yellow"", E75)), 10, ISNUMBER(SEARCH(""Ivory"", E75)), 21,TRUE, ""60"")), """")"),46078.0) -> 46078
A76: 46077.404 | B76: nhh5@cornell.edu | C76: Nhh5 | D76: Formula | E76: Red - Code Compliance (same-day action Required) | F76: https://drive.google.com/open?id=18aDWjAopFZClybVzoy9VYApFcTkAnhEr | G76: Fire code | H76: Clear floor as much as possible | I76: Email Sent | J76: =IFERROR(__xludf.DUMMYFUNCTION("IF(ISDATE(A76), DATE(YEAR(A76), MONTH(A76), DAY(A76)+ IFS(ISNUMBER(SEARCH(""Red"", E76)), 1, ISNUMBER(SEARCH(""Orange"", E76)), 3, ISNUMBER(SEARCH(""Yellow"", E76)), 10, ISNUMBER(SEARCH(""Ivory"", E76)), 21,TRUE, ""60"")), """")"),46078.0) -> 46078
A77: 46077.465 | B77: nhh5@cornell.edu | C77: Nhh5 | D77: Design Build Fly | E77: Red - Code Compliance (same-day action Required) | F77: https://drive.google.com/open?id=1aLQZOt63rSPcMQdCmvzQe66XrebwpcgM | G77: Fire code | H77: Generator must be empty of fuel or moved to HVL or Rhodes penthouse | I77: Email Sent | J77: =IFERROR(__xludf.DUMMYFUNCTION("IF(ISDATE(A77), DATE(YEAR(A77), MONTH(A77), DAY(A77)+ IFS(ISNUMBER(SEARCH(""Red"", E77)), 1, ISNUMBER(SEARCH(""Orange"", E77)), 3, ISNUMBER(SEARCH(""Yellow"", E77)), 10, ISNUMBER(SEARCH(""Ivory"", E77)), 21,TRUE, ""60"")), """")"),46078.0) -> 46078
A78: 46077.499 | B78: nhh5@cornell.edu | C78: Nhh5 | D78: Unknown / unsure | E78: Yellow - Stewardship Concern (resolve in 7-10 days) | F78: https://drive.google.com/open?id=1dAHvHu_sGzkcmCqsU--UuFco0dnsz7DR | G78: Egress / access | H78: Consolidate work area and clear aisle | J78: =IFERROR(__xludf.DUMMYFUNCTION("IF(ISDATE(A78), DATE(YEAR(A78), MONTH(A78), DAY(A78)+ IFS(ISNUMBER(SEARCH(""Red"", E78)), 1, ISNUMBER(SEARCH(""Orange"", E78)), 3, ISNUMBER(SEARCH(""Yellow"", E78)), 10, ISNUMBER(SEARCH(""Ivory"", E78)), 21,TRUE, ""60"")), """")"),46087.0) -> 46087
A79: 46077.74 | B79: jam834@cornell.edu | C79: jam834 | D79: Formula | E79: Purple - Opportunity for improvement (as time permits) | G79: Housekeeping | H79: Coveralls should be placed into the cardboard bin containing the rest of them. The composites closet was organized recently but coveralls were strewn about the floor. | I79: Email Sent | J79: =IFERROR(__xludf.DUMMYFUNCTION("IF(ISDATE(A79), DATE(YEAR(A79), MONTH(A79), DAY(A79)+ IFS(ISNUMBER(SEARCH(""Red"", E79)), 1, ISNUMBER(SEARCH(""Orange"", E79)), 3, ISNUMBER(SEARCH(""Yellow"", E79)), 10, ISNUMBER(SEARCH(""Ivory"", E79)), 21,TRUE, ""60"")), """")"),46137.0) -> 46137
A80: 46079.388 | B80: nhh5@cornell.edu | C80: Nhh5 | D80: Rocketry | E80: Red - Code Compliance (same-day action Required) | G80: Fire code | H80: Please remove propane tank from inside HVL before 2pm today if at all possible. You can leave it in the back of the project truck if you need to. | I80: Email Sent | J80: =IFERROR(__xludf.DUMMYFUNCTION("IF(ISDATE(A80), DATE(YEAR(A80), MONTH(A80), DAY(A80)+ IFS(ISNUMBER(SEARCH(""Red"", E80)), 1, ISNUMBER(SEARCH(""Orange"", E80)), 3, ISNUMBER(SEARCH(""Yellow"", E80)), 10, ISNUMBER(SEARCH(""Ivory"", E80)), 21,TRUE, ""60"")), """")"),46080.0) -> 46080
A81: 46079.722 | B81: nhh5@cornell.edu | C81: Nhh5 | D81: Concrete Canoe | E81: Purple - Opportunity for improvement (as time permits) | F81: https://drive.google.com/open?id=1infbLKH5ZD_R61t0DwNFnwvUNHASc9vt | G81: Work Practices | H81: Parts for your mix team vacuums are in Noah’s office. Pick them up any time. | I81: Email Sent | J81: =IFERROR(__xludf.DUMMYFUNCTION("IF(ISDATE(A81), DATE(YEAR(A81), MONTH(A81), DAY(A81)+ IFS(ISNUMBER(SEARCH(""Red"", E81)), 1, ISNUMBER(SEARCH(""Orange"", E81)), 3, ISNUMBER(SEARCH(""Yellow"", E81)), 10, ISNUMBER(SEARCH(""Ivory"", E81)), 21,TRUE, ""60"")), """")"),46139.0) -> 46139
A82: 46080.436 | B82: nhh5@cornell.edu | C82: Nhh5 | D82: Rocketry | E82: Orange - Operations Safety (resolve in 2-3 business days) | F82: https://drive.google.com/open?id=1v_wL6ihOmYNmNpa0LP4SyI2JM7SoGNYP | G82: Work Practices | H82: Empty and return recycling container | I82: Email Sent | J82: =IFERROR(__xludf.DUMMYFUNCTION("IF(ISDATE(A82), DATE(YEAR(A82), MONTH(A82), DAY(A82)+ IFS(ISNUMBER(SEARCH(""Red"", E82)), 1, ISNUMBER(SEARCH(""Orange"", E82)), 3, ISNUMBER(SEARCH(""Yellow"", E82)), 10, ISNUMBER(SEARCH(""Ivory"", E82)), 21,TRUE, ""60"")), """")"),46083.0) -> 46083
A83: 46092.49 | B83: nhh5@cornell.edu | C83: Nhh5 | D83: Baja | E83: Yellow - Stewardship Concern (resolve in 7-10 days) | F83: https://drive.google.com/open?id=1ocbQXMShsQdXb2SaCoh1_dJXSU7IB2xF | G83: Egress / access | H83: Move cars onto Cornell property near HVL. | I83: Email Sent | J83: =IFERROR(__xludf.DUMMYFUNCTION("IF(ISDATE(A83), DATE(YEAR(A83), MONTH(A83), DAY(A83)+ IFS(ISNUMBER(SEARCH(""Red"", E83)), 1, ISNUMBER(SEARCH(""Orange"", E83)), 3, ISNUMBER(SEARCH(""Yellow"", E83)), 10, ISNUMBER(SEARCH(""Ivory"", E83)), 21,TRUE, ""60"")), """")"),46102.0) -> 46102
A84: 46092.491 | B84: nhh5@cornell.edu | C84: Nhh5 | D84: CU Sail | E84: Yellow - Stewardship Concern (resolve in 7-10 days) | F84: https://drive.google.com/open?id=1gsRIqZ-1kiVnHYbPxfT1nURl-tigpH5i | G84: Work Practices | H84: Do not put hardening chemicals in paint funnel | I84: Email Sent | J84: =IFERROR(__xludf.DUMMYFUNCTION("IF(ISDATE(A84), DATE(YEAR(A84), MONTH(A84), DAY(A84)+ IFS(ISNUMBER(SEARCH(""Red"", E84)), 1, ISNUMBER(SEARCH(""Orange"", E84)), 3, ISNUMBER(SEARCH(""Yellow"", E84)), 10, ISNUMBER(SEARCH(""Ivory"", E84)), 21,TRUE, ""60"")), """")"),46102.0) -> 46102
A85: 46092.492 | B85: nhh5@cornell.edu | C85: Nhh5 | D85: CU Sail | E85: Yellow - Stewardship Concern (resolve in 7-10 days) | F85: https://drive.google.com/open?id=1F82Tvx4SilRigp6eDacyCLzAEgyw-uFI | G85: Work Practices | H85: Clean up after work sessions so paints and chemicals don’t get tracked across floor. | I85: Email Sent | J85: =IFERROR(__xludf.DUMMYFUNCTION("IF(ISDATE(A85), DATE(YEAR(A85), MONTH(A85), DAY(A85)+ IFS(ISNUMBER(SEARCH(""Red"", E85)), 1, ISNUMBER(SEARCH(""Orange"", E85)), 3, ISNUMBER(SEARCH(""Yellow"", E85)), 10, ISNUMBER(SEARCH(""Ivory"", E85)), 21,TRUE, ""60"")), """")"),46102.0) -> 46102
A86: 46092.493 | B86: nhh5@cornell.edu | C86: Nhh5 | D86: Operations Team | E86: Purple - Opportunity for improvement (as time permits) | G86: Fire code | H86: Please make signage to post on fire doors. | J86: =IFERROR(__xludf.DUMMYFUNCTION("IF(ISDATE(A86), DATE(YEAR(A86), MONTH(A86), DAY(A86)+ IFS(ISNUMBER(SEARCH(""Red"", E86)), 1, ISNUMBER(SEARCH(""Orange"", E86)), 3, ISNUMBER(SEARCH(""Yellow"", E86)), 10, ISNUMBER(SEARCH(""Ivory"", E86)), 21,TRUE, ""60"")), """")"),46152.0) -> 46152 | K86: 46154
A87: 46104.564 | B87: nhh5@cornell.edu | C87: Nhh5 | D87: Baja | E87: Red - Code Compliance (same-day action Required) | F87: https://drive.google.com/open?id=1dUWD9AZ0oqOosQ33CrcMrOpY2daYJEtc | G87: Housekeeping | H87: Please collect boxes from mail room asap. | I87: Email Sent | J87: =IFERROR(__xludf.DUMMYFUNCTION("IF(ISDATE(A87), DATE(YEAR(A87), MONTH(A87), DAY(A87)+ IFS(ISNUMBER(SEARCH(""Red"", E87)), 1, ISNUMBER(SEARCH(""Orange"", E87)), 3, ISNUMBER(SEARCH(""Yellow"", E87)), 10, ISNUMBER(SEARCH(""Ivory"", E87)), 21,TRUE, ""60"")), """")"),46105.0) -> 46105
A88: 46106.393 | B88: nhh5@cornell.edu | C88: Nhh5 | D88: CU Sail | E88: Red - Code Compliance (same-day action Required) | F88: https://drive.google.com/open?id=1XvsdCPXTvfjb9a21J4vl1XQqIMTGTpCI | G88: Egress / access | H88: Move boat and plywood stand asap so they do not block hallway. | I88: Email Sent | J88: =IFERROR(__xludf.DUMMYFUNCTION("IF(ISDATE(A88), DATE(YEAR(A88), MONTH(A88), DAY(A88)+ IFS(ISNUMBER(SEARCH(""Red"", E88)), 1, ISNUMBER(SEARCH(""Orange"", E88)), 3, ISNUMBER(SEARCH(""Yellow"", E88)), 10, ISNUMBER(SEARCH(""Ivory"", E88)), 21,TRUE, ""60"")), """")"),46107.0) -> 46107
A89: 46118.672 | B89: nhh5@cornell.edu | C89: Nhh5 | D89: Mars Rover | E89: Yellow - Stewardship Concern (resolve in 7-10 days) | F89: https://drive.google.com/open?id=1_yoF506zHTqqo13tLAx5ooGjWFPE47GN | G89: Egress / access | H89: Disassemble and or move test stand in Rhodes basement. Can move to storage shelves in HVL | I89: Email Sent | J89: =IFERROR(__xludf.DUMMYFUNCTION("IF(ISDATE(A89), DATE(YEAR(A89), MONTH(A89), DAY(A89)+ IFS(ISNUMBER(SEARCH(""Red"", E89)), 1, ISNUMBER(SEARCH(""Orange"", E89)), 3, ISNUMBER(SEARCH(""Yellow"", E89)), 10, ISNUMBER(SEARCH(""Ivory"", E89)), 21,TRUE, ""60"")), """")"),46128.0) -> 46128
A90: 46126.506 | B90: nhh5@cornell.edu | C90: Nhh5 | D90: Formula | E90: Red - Code Compliance (same-day action Required) | F90: https://drive.google.com/open?id=1-ot_JLU13fRyngylhsY-gTNB_9h16agp | G90: Fire code | H90: Move drum blocking fire extinguisher and open up building egress path. | I90: Email Sent | J90: =IFERROR(__xludf.DUMMYFUNCTION("IF(ISDATE(A90), DATE(YEAR(A90), MONTH(A90), DAY(A90)+ IFS(ISNUMBER(SEARCH(""Red"", E90)), 1, ISNUMBER(SEARCH(""Orange"", E90)), 3, ISNUMBER(SEARCH(""Yellow"", E90)), 10, ISNUMBER(SEARCH(""Ivory"", E90)), 21,TRUE, ""60"")), """")"),46127.0) -> 46127
A91: 46126.507 | B91: nhh5@cornell.edu | C91: Nhh5 | D91: Baja | E91: Red - Code Compliance (same-day action Required) | F91: https://drive.google.com/open?id=1hVGW4RTVkb3mmeajBbDi1odjULLxiaWG | G91: Fire code | H91: Clear access to eye wash | I91: Email Sent | J91: =IFERROR(__xludf.DUMMYFUNCTION("IF(ISDATE(A91), DATE(YEAR(A91), MONTH(A91), DAY(A91)+ IFS(ISNUMBER(SEARCH(""Red"", E91)), 1, ISNUMBER(SEARCH(""Orange"", E91)), 3, ISNUMBER(SEARCH(""Yellow"", E91)), 10, ISNUMBER(SEARCH(""Ivory"", E91)), 21,TRUE, ""60"")), """")"),46127.0) -> 46127
A92: 46126.508 | B92: nhh5@cornell.edu | C92: Nhh5 | D92: Baja | E92: Red - Code Compliance (same-day action Required) | F92: https://drive.google.com/open?id=1WLHH2FiMXsCTwKRs9YALBLYZMLSsa0lb | G92: Fire code | H92: Clear access to panel and secure gas cylinder | I92: Email Sent | J92: =IFERROR(__xludf.DUMMYFUNCTION("IF(ISDATE(A92), DATE(YEAR(A92), MONTH(A92), DAY(A92)+ IFS(ISNUMBER(SEARCH(""Red"", E92)), 1, ISNUMBER(SEARCH(""Orange"", E92)), 3, ISNUMBER(SEARCH(""Yellow"", E92)), 10, ISNUMBER(SEARCH(""Ivory"", E92)), 21,TRUE, ""60"")), """")"),46127.0) -> 46127
A93: 46128.487 | B93: nhh5@cornell.edu | C93: Nhh5 | D93: Baja | E93: Red - Code Compliance (same-day action Required) | F93: https://drive.google.com/open?id=1NsfcWujvs3TTNRhilGEHClXymOREAUxF | G93: Fire code | H93: Clear access to eye wash. | I93: Email Sent | J93: =IFERROR(__xludf.DUMMYFUNCTION("IF(ISDATE(A93), DATE(YEAR(A93), MONTH(A93), DAY(A93)+ IFS(ISNUMBER(SEARCH(""Red"", E93)), 1, ISNUMBER(SEARCH(""Orange"", E93)), 3, ISNUMBER(SEARCH(""Yellow"", E93)), 10, ISNUMBER(SEARCH(""Ivory"", E93)), 21,TRUE, ""60"")), """")"),46129.0) -> 46129
A94: 46128.499 | B94: nhh5@cornell.edu | C94: Nhh5 | D94: Rocketry | E94: Red - Code Compliance (same-day action Required) | F94: https://drive.google.com/open?id=1YMj0cKxb0eeWJV8k0_J-Y1PAr12tE_By | G94: Fire code | H94: Move propane bottle to loading dock and label | I94: Email Sent | J94: =IFERROR(__xludf.DUMMYFUNCTION("IF(ISDATE(A94), DATE(YEAR(A94), MONTH(A94), DAY(A94)+ IFS(ISNUMBER(SEARCH(""Red"", E94)), 1, ISNUMBER(SEARCH(""Orange"", E94)), 3, ISNUMBER(SEARCH(""Yellow"", E94)), 10, ISNUMBER(SEARCH(""Ivory"", E94)), 21,TRUE, ""60"")), """")"),46129.0) -> 46129
A95: 46136.405 | B95: nhh5@cornell.edu | C95: Nhh5 | D95: Baja | E95: Yellow - Stewardship Concern (resolve in 7-10 days) | F95: https://drive.google.com/open?id=19DGewlgof6dncC8xL3R1sAWQLxyKGssZ | G95: Shared space | H95: Remove ‘baja’ paint from concrete wall | I95: Email Sent | J95: =IFERROR(__xludf.DUMMYFUNCTION("IF(ISDATE(A95), DATE(YEAR(A95), MONTH(A95), DAY(A95)+ IFS(ISNUMBER(SEARCH(""Red"", E95)), 1, ISNUMBER(SEARCH(""Orange"", E95)), 3, ISNUMBER(SEARCH(""Yellow"", E95)), 10, ISNUMBER(SEARCH(""Ivory"", E95)), 21,TRUE, ""60"")), """")"),46146.0) -> 46146
A96: 46140.405 | B96: nhh5@cornell.edu | C96: Nhh5 | D96: Baja | E96: Yellow - Stewardship Concern (resolve in 7-10 days) | F96: https://drive.google.com/open?id=1IJtwfoPELePLNDC96MM-gKSGtG8qLH7Z | G96: Housekeeping | H96: B60 is looking pretty rough and needs to be cleaned. Pick everything up off the floor so building care can clean the carpet and minimize greasy / fab activity | I96: Email Sent | J96: =IFERROR(__xludf.DUMMYFUNCTION("IF(ISDATE(A96), DATE(YEAR(A96), MONTH(A96), DAY(A96)+ IFS(ISNUMBER(SEARCH(""Red"", E96)), 1, ISNUMBER(SEARCH(""Orange"", E96)), 3, ISNUMBER(SEARCH(""Yellow"", E96)), 10, ISNUMBER(SEARCH(""Ivory"", E96)), 21,TRUE, ""60"")), """")"),46150.0) -> 46150
A97: 46140.406 | B97: nhh5@cornell.edu | C97: Nhh5 | D97: CEV | E97: Orange - Operations Safety (resolve in 2-3 business days) | F97: https://drive.google.com/open?id=1YCHh_AFaNIsLQ9vebjX5Ikf4TZYaXtg5 | G97: Shared space | H97: Assuming this is CEVs should not be left in hallway. | I97: Email Sent | J97: =IFERROR(__xludf.DUMMYFUNCTION("IF(ISDATE(A97), DATE(YEAR(A97), MONTH(A97), DAY(A97)+ IFS(ISNUMBER(SEARCH(""Red"", E97)), 1, ISNUMBER(SEARCH(""Orange"", E97)), 3, ISNUMBER(SEARCH(""Yellow"", E97)), 10, ISNUMBER(SEARCH(""Ivory"", E97)), 21,TRUE, ""60"")), """")"),46143.0) -> 46143
A98: 46198.63 | B98: nhh5@cornell.edu | C98: Nhh5 | D98: Operations Team | E98: Purple - Opportunity for improvement (as time permits) | F98: https://drive.google.com/open?id=1TcIPhgMmmaDuX0vUH89ZPDiJMOX4zieJ | G98: Housekeeping | H98: Disassemble wood frame (tools in Noah’s office.) | J98: =IFERROR(__xludf.DUMMYFUNCTION("IF(ISDATE(A98), DATE(YEAR(A98), MONTH(A98), DAY(A98)+ IFS(ISNUMBER(SEARCH(""Red"", E98)), 1, ISNUMBER(SEARCH(""Orange"", E98)), 3, ISNUMBER(SEARCH(""Yellow"", E98)), 10, ISNUMBER(SEARCH(""Ivory"", E98)), 21,TRUE, ""60"")), """")"),46258.0) -> 46258
A99: 46198.632 | B99: nhh5@cornell.edu | C99: Mhh5 | D99: Operations Team | E99: Purple - Opportunity for improvement (as time permits) | F99: https://drive.google.com/open?id=1sqCDzIixuUzJtndPY0POokvENF5GJD3q | G99: Housekeeping | H99: Move coolers, cart and shade canopies to penthouse. | J99: =IFERROR(__xludf.DUMMYFUNCTION("IF(ISDATE(A99), DATE(YEAR(A99), MONTH(A99), DAY(A99)+ IFS(ISNUMBER(SEARCH(""Red"", E99)), 1, ISNUMBER(SEARCH(""Orange"", E99)), 3, ISNUMBER(SEARCH(""Yellow"", E99)), 10, ISNUMBER(SEARCH(""Ivory"", E99)), 21,TRUE, ""60"")), """")"),46258.0) -> 46258
A100: 46198.632 | B100: nhh5@cornell.edu | C100: Nhh5 | D100: Operations Team | E100: Purple - Opportunity for improvement (as time permits) | F100: https://drive.google.com/open?id=1I3ZSYWb8dobHDzoMqXnvraed3Rd-BVH1 | G100: Housekeeping | H100: Unbolt pipe bender and stow behind spray booth in the hallway. | J100: =IFERROR(__xludf.DUMMYFUNCTION("IF(ISDATE(A100), DATE(YEAR(A100), MONTH(A100), DAY(A100)+ IFS(ISNUMBER(SEARCH(""Red"", E100)), 1, ISNUMBER(SEARCH(""Orange"", E100)), 3, ISNUMBER(SEARCH(""Yellow"", E100)), 10, ISNUMBER(SEARCH(""Ivory"", E100)), 21,TRUE, ""60"")), """")"),46258.0) -> 46258
...

Sheet Pending Actions
A1: Highlight of pending actions - Avoid duplication of status reports - do not edit.
A2: =IFERROR(__xludf.DUMMYFUNCTION("QUERY('Form Responses'!A1:X162, ""SELECT Col4, Col5, Col6, Col8, Col10 WHERE Col1 is not null AND Col11 is null AND NOT Col5 Contains 'Purple' AND NOT Col5 Contains 'Ivory' ORDER BY Col10 ASC LABEL Col4 'Team', Col6 'Photo'"")"),"Team") -> Team | B2: =IFERROR(__xludf.DUMMYFUNCTION("""COMPUTED_VALUE"""),"Current Status") -> Current Status | C2: =IFERROR(__xludf.DUMMYFUNCTION("""COMPUTED_VALUE"""),"Photo") -> Photo | D2: =IFERROR(__xludf.DUMMYFUNCTION("""COMPUTED_VALUE"""),"Required Actions / Comments") -> Required Actions / Comments | E2: =IFERROR(__xludf.DUMMYFUNCTION("""COMPUTED_VALUE"""),"Deadline") -> Deadline
A3: =IFERROR(__xludf.DUMMYFUNCTION("""COMPUTED_VALUE"""),"Baja") -> Baja | B3: =IFERROR(__xludf.DUMMYFUNCTION("""COMPUTED_VALUE"""),"Yellow - Stewardship concern (resolve in 7-10 days)") -> Yellow - Stewardship concern (resolve in 7-10 days) | C3: =IFERROR(__xludf.DUMMYFUNCTION("""COMPUTED_VALUE"""),"https://drive.google.com/open?id=1D3qL8TNVc7-zvT5jNVjWzs4qgRazBxpV") -> https://drive.google.com/open?id=1D3qL8TNVc7-zvT5jNVjWzs4qgRazBxpV | D3: =IFERROR(__xludf.DUMMYFUNCTION("""COMPUTED_VALUE"""),"Please empty cabinet for relocation ") -> Please empty cabinet for relocation | E3: =IFERROR(__xludf.DUMMYFUNCTION("""COMPUTED_VALUE"""),45971.0) -> 45971 | F3: FALSE
A4: =IFERROR(__xludf.DUMMYFUNCTION("""COMPUTED_VALUE"""),"EWH") -> EWH | B4: =IFERROR(__xludf.DUMMYFUNCTION("""COMPUTED_VALUE"""),"Orange - Operations Safety (resolve in 2-3 business days)") -> Orange - Operations Safety (resolve in 2-3 business days) | C4: =IFERROR(__xludf.DUMMYFUNCTION("""COMPUTED_VALUE"""),"https://drive.google.com/open?id=16-2ZzgFD8n9wZYaniPOz0w6NisXEwoO_") -> https://drive.google.com/open?id=16-2ZzgFD8n9wZYaniPOz0w6NisXEwoO_ | D4: =IFERROR(__xludf.DUMMYFUNCTION("""COMPUTED_VALUE"""),"Assuming EWH. Wheelchair cannot be in front of the electrical panel. A note has been left on the chair by myself and I moved the chair on one occasion, but it keeps being replaced there. ") -> Assuming EWH. Wheelchair cannot be in front of the electrical panel. A note has been left on the chair by myself and I moved the chair on one occasion, but it keeps being replaced there. | E4: =IFERROR(__xludf.DUMMYFUNCTION("""COMPUTED_VALUE"""),45977.0) -> 45977 | F4: FALSE
A5: =IFERROR(__xludf.DUMMYFUNCTION("""COMPUTED_VALUE"""),"EWH") -> EWH | B5: =IFERROR(__xludf.DUMMYFUNCTION("""COMPUTED_VALUE"""),"Orange - Operations Safety (resolve in 2-3 business days)") -> Orange - Operations Safety (resolve in 2-3 business days) | C5: =IFERROR(__xludf.DUMMYFUNCTION("""COMPUTED_VALUE"""),"https://drive.google.com/open?id=18GFZyZDJ1WJcR3ieXj1Yw5iJKXofAb_-") -> https://drive.google.com/open?id=18GFZyZDJ1WJcR3ieXj1Yw5iJKXofAb_- | D5: =IFERROR(__xludf.DUMMYFUNCTION("""COMPUTED_VALUE"""),"Assuming EWH. Buckets / boxes cannot be placed in front of electrical panel. ") -> Assuming EWH. Buckets / boxes cannot be placed in front of electrical panel. | E5: =IFERROR(__xludf.DUMMYFUNCTION("""COMPUTED_VALUE"""),45977.0) -> 45977 | F5: TRUE
A6: =IFERROR(__xludf.DUMMYFUNCTION("""COMPUTED_VALUE"""),"Unknown / unsure") -> Unknown / unsure | B6: =IFERROR(__xludf.DUMMYFUNCTION("""COMPUTED_VALUE"""),"Orange - Operations Safety (resolve in 2-3 business days)") -> Orange - Operations Safety (resolve in 2-3 business days) | C6: =IFERROR(__xludf.DUMMYFUNCTION("""COMPUTED_VALUE"""),"https://drive.google.com/open?id=1mQ8i67BWT-5bGibx-MAF1fsWzVJgi1QP") -> https://drive.google.com/open?id=1mQ8i67BWT-5bGibx-MAF1fsWzVJgi1QP | D6: =IFERROR(__xludf.DUMMYFUNCTION("""COMPUTED_VALUE"""),"None of the Baja / FSAE team members I've spoken to know whose this crane is, but it is blocking the walkway / electrical panel. I have moved it once before, but it continues to be placed in this spot. ") -> None of the Baja / FSAE team members I've spoken to know whose this crane is, but it is blocking the walkway / electrical panel. I have moved it once before, but it continues to be placed in this spot. | E6: =IFERROR(__xludf.DUMMYFUNCTION("""COMPUTED_VALUE"""),45977.0) -> 45977 | F6: FALSE
A7: =IFERROR(__xludf.DUMMYFUNCTION("""COMPUTED_VALUE"""),"Geodata") -> Geodata | B7: =IFERROR(__xludf.DUMMYFUNCTION("""COMPUTED_VALUE"""),"Yellow - Stewardship Concern (resolve in 7-10 days)") -> Yellow - Stewardship Concern (resolve in 7-10 days) | D7: =IFERROR(__xludf.DUMMYFUNCTION("""COMPUTED_VALUE"""),"Boxes appearing to contain geodata materials was placed in front of the EWH shelves. Please refrain from doing so and respect the storage areas of your fellow teams. The boxes were moved in front of the geodata shelves. ") -> Boxes appearing to contain geodata materials was placed in front of the EWH shelves. Please refrain from doing so and respect the storage areas of your fellow teams. The boxes were moved in front of the geodata shelves. | E7: =IFERROR(__xludf.DUMMYFUNCTION("""COMPUTED_VALUE"""),45986.0) -> 45986 | F7: TRUE
A8: =IFERROR(__xludf.DUMMYFUNCTION("""COMPUTED_VALUE"""),"Formula") -> Formula | B8: =IFERROR(__xludf.DUMMYFUNCTION("""COMPUTED_VALUE"""),"Yellow - Stewardship Concern (resolve in 7-10 days)") -> Yellow - Stewardship Concern (resolve in 7-10 days) | D8: =IFERROR(__xludf.DUMMYFUNCTION("""COMPUTED_VALUE"""),"Store material rolls so the won’t fall or lean on waste chemical drum") -> Store material rolls so the won’t fall or lean on waste chemical drum | E8: =IFERROR(__xludf.DUMMYFUNCTION("""COMPUTED_VALUE"""),45992.0) -> 45992 | F8: TRUE
A9: =IFERROR(__xludf.DUMMYFUNCTION("""COMPUTED_VALUE"""),"AutoBoat") -> AutoBoat | B9: =IFERROR(__xludf.DUMMYFUNCTION("""COMPUTED_VALUE"""),"Orange - Operations Safety (resolve in 2-3 business days)") -> Orange - Operations Safety (resolve in 2-3 business days) | C9: =IFERROR(__xludf.DUMMYFUNCTION("""COMPUTED_VALUE"""),"https://drive.google.com/open?id=123AIpsKqNibRFF3EB1mKLcqO3XH4F6Ds") -> https://drive.google.com/open?id=123AIpsKqNibRFF3EB1mKLcqO3XH4F6Ds | D9: =IFERROR(__xludf.DUMMYFUNCTION("""COMPUTED_VALUE"""),"Remove materials that are blocking access to flammables cabinets ") -> Remove materials that are blocking access to flammables cabinets | E9: =IFERROR(__xludf.DUMMYFUNCTION("""COMPUTED_VALUE"""),46046.0) -> 46046 | F9: TRUE
A10: =IFERROR(__xludf.DUMMYFUNCTION("""COMPUTED_VALUE"""),"Formula") -> Formula | B10: =IFERROR(__xludf.DUMMYFUNCTION("""COMPUTED_VALUE"""),"Orange - Operations Safety (resolve in 2-3 business days)") -> Orange - Operations Safety (resolve in 2-3 business days) | C10: =IFERROR(__xludf.DUMMYFUNCTION("""COMPUTED_VALUE"""),"https://drive.google.com/open?id=1H96S9ivvB4e3WGdp0t18sEs4wTBBL_di") -> https://drive.google.com/open?id=1H96S9ivvB4e3WGdp0t18sEs4wTBBL_di | D10: =IFERROR(__xludf.DUMMYFUNCTION("""COMPUTED_VALUE"""),"Move materials that are blocking access to flammables cabinets ") -> Move materials that are blocking access to flammables cabinets | E10: =IFERROR(__xludf.DUMMYFUNCTION("""COMPUTED_VALUE"""),46046.0) -> 46046 | F10: TRUE
A11: =IFERROR(__xludf.DUMMYFUNCTION("""COMPUTED_VALUE"""),"Baja") -> Baja | B11: =IFERROR(__xludf.DUMMYFUNCTION("""COMPUTED_VALUE"""),"Red - Code Compliance (same-day action Required)") -> Red - Code Compliance (same-day action Required) | C11: =IFERROR(__xludf.DUMMYFUNCTION("""COMPUTED_VALUE"""),"https://drive.google.com/open?id=1VXHv8A1J6d84DRsp3ztoxUEPNsEWvIUt") -> https://drive.google.com/open?id=1VXHv8A1J6d84DRsp3ztoxUEPNsEWvIUt | D11: =IFERROR(__xludf.DUMMYFUNCTION("""COMPUTED_VALUE"""),"Store fuel and flammables (not in hot work area), clear access areas for eye wash and electrical panel. ") -> Store fuel and flammables (not in hot work area), clear access areas for eye wash and electrical panel. | E11: =IFERROR(__xludf.DUMMYFUNCTION("""COMPUTED_VALUE"""),46052.0) -> 46052 | F11: TRUE
A12: =IFERROR(__xludf.DUMMYFUNCTION("""COMPUTED_VALUE"""),"Formula") -> Formula | B12: =IFERROR(__xludf.DUMMYFUNCTION("""COMPUTED_VALUE"""),"Red - Code Compliance (same-day action Required)") -> Red - Code Compliance (same-day action Required) | C12: =IFERROR(__xludf.DUMMYFUNCTION("""COMPUTED_VALUE"""),"https://drive.google.com/open?id=1ymY04ayEDichfhr93CXiBWvmyY-9MAy8") -> https://drive.google.com/open?id=1ymY04ayEDichfhr93CXiBWvmyY-9MAy8 | D12: =IFERROR(__xludf.DUMMYFUNCTION("""COMPUTED_VALUE"""),"Move field test extinguishers to storage") -> Move field test extinguishers to storage | E12: =IFERROR(__xludf.DUMMYFUNCTION("""COMPUTED_VALUE"""),46052.0) -> 46052 | F12: TRUE
A13: =IFERROR(__xludf.DUMMYFUNCTION("""COMPUTED_VALUE"""),"AutoBoat") -> AutoBoat | B13: =IFERROR(__xludf.DUMMYFUNCTION("""COMPUTED_VALUE"""),"Orange - Operations Safety (resolve in 2-3 business days)") -> Orange - Operations Safety (resolve in 2-3 business days) | C13: =IFERROR(__xludf.DUMMYFUNCTION("""COMPUTED_VALUE"""),"https://drive.google.com/open?id=1GeBWk2YHdB5lxc4Ks54YSWOsGuOgR29n") -> https://drive.google.com/open?id=1GeBWk2YHdB5lxc4Ks54YSWOsGuOgR29n | D13: =IFERROR(__xludf.DUMMYFUNCTION("""COMPUTED_VALUE"""),"Move materials that are blocking the equipment in the hallway. Can relocate to basement of rhodes hall (storage cages) rhodes penthouse storage cages, or the high volt lab. Consult with operations staff. ") -> Move materials that are blocking the equipment in the hallway. Can relocate to basement of rhodes hall (storage cages) rhodes penthouse storage cages, or the high volt lab. Consult with operations staff. | E13: =IFERROR(__xludf.DUMMYFUNCTION("""COMPUTED_VALUE"""),46054.0) -> 46054 | F13: FALSE
A14: =IFERROR(__xludf.DUMMYFUNCTION("""COMPUTED_VALUE"""),"Formula") -> Formula | B14: =IFERROR(__xludf.DUMMYFUNCTION("""COMPUTED_VALUE"""),"Orange - Operations Safety (resolve in 2-3 business days)") -> Orange - Operations Safety (resolve in 2-3 business days) | C14: =IFERROR(__xludf.DUMMYFUNCTION("""COMPUTED_VALUE"""),"https://drive.google.com/open?id=1-5zH3kfAOTfFAemrPT6JUNMwQC2geGTL") -> https://drive.google.com/open?id=1-5zH3kfAOTfFAemrPT6JUNMwQC2geGTL | D14: =IFERROR(__xludf.DUMMYFUNCTION("""COMPUTED_VALUE"""),"Reroute cables to eliminate tripping hazard") -> Reroute cables to eliminate tripping hazard | E14: =IFERROR(__xludf.DUMMYFUNCTION("""COMPUTED_VALUE"""),46054.0) -> 46054 | F14: FALSE
A15: =IFERROR(__xludf.DUMMYFUNCTION("""COMPUTED_VALUE"""),"CUBMD") -> CUBMD | B15: =IFERROR(__xludf.DUMMYFUNCTION("""COMPUTED_VALUE"""),"Yellow - Stewardship Concern (resolve in 7-10 days)") -> Yellow - Stewardship Concern (resolve in 7-10 days) | C15: =IFERROR(__xludf.DUMMYFUNCTION("""COMPUTED_VALUE"""),"https://drive.google.com/open?id=1gwY0e1fP97A6wn3fchNxHbcOBaLPp_qo") -> https://drive.google.com/open?id=1gwY0e1fP97A6wn3fchNxHbcOBaLPp_qo | D15: =IFERROR(__xludf.DUMMYFUNCTION("""COMPUTED_VALUE"""),"Clear team stuff from reservable table when not in use. ") -> Clear team stuff from reservable table when not in use. | E15: =IFERROR(__xludf.DUMMYFUNCTION("""COMPUTED_VALUE"""),46055.0) -> 46055 | F15: FALSE
A16: =IFERROR(__xludf.DUMMYFUNCTION("""COMPUTED_VALUE"""),"EWB") -> EWB | B16: =IFERROR(__xludf.DUMMYFUNCTION("""COMPUTED_VALUE"""),"Yellow - Stewardship Concern (resolve in 7-10 days)") -> Yellow - Stewardship Concern (resolve in 7-10 days) | C16: =IFERROR(__xludf.DUMMYFUNCTION("""COMPUTED_VALUE"""),"https://drive.google.com/open?id=1FYy9H_zLArSs6XnS0tonCP7EtnjkWSjm") -> https://drive.google.com/open?id=1FYy9H_zLArSs6XnS0tonCP7EtnjkWSjm | D16: =IFERROR(__xludf.DUMMYFUNCTION("""COMPUTED_VALUE"""),"Remove teams things from miserable table when not in use") -> Remove teams things from miserable table when not in use | E16: =IFERROR(__xludf.DUMMYFUNCTION("""COMPUTED_VALUE"""),46055.0) -> 46055 | F16: FALSE
A17: =IFERROR(__xludf.DUMMYFUNCTION("""COMPUTED_VALUE"""),"ESW") -> ESW | B17: =IFERROR(__xludf.DUMMYFUNCTION("""COMPUTED_VALUE"""),"Yellow - Stewardship Concern (resolve in 7-10 days)") -> Yellow - Stewardship Concern (resolve in 7-10 days) | C17: =IFERROR(__xludf.DUMMYFUNCTION("""COMPUTED_VALUE"""),"https://drive.google.com/open?id=1n9E8iMrdcuLE-S7YWD0QFdQPTbw_ASXM") -> https://drive.google.com/open?id=1n9E8iMrdcuLE-S7YWD0QFdQPTbw_ASXM | D17: =IFERROR(__xludf.DUMMYFUNCTION("""COMPUTED_VALUE"""),"Remove team’s things from reservable table when not in use") -> Remove team’s things from reservable table when not in use | E17: =IFERROR(__xludf.DUMMYFUNCTION("""COMPUTED_VALUE"""),46055.0) -> 46055 | F17: FALSE
A18: =IFERROR(__xludf.DUMMYFUNCTION("""COMPUTED_VALUE"""),"Steel Bridge") -> Steel Bridge | B18: =IFERROR(__xludf.DUMMYFUNCTION("""COMPUTED_VALUE"""),"Yellow - Stewardship Concern (resolve in 7-10 days)") -> Yellow - Stewardship Concern (resolve in 7-10 days) | C18: =IFERROR(__xludf.DUMMYFUNCTION("""COMPUTED_VALUE"""),"https://drive.google.com/open?id=1IiOsx9cC44RRxC1rZpDA9S1cAXw0-1dV") -> https://drive.google.com/open?id=1IiOsx9cC44RRxC1rZpDA9S1cAXw0-1dV | D18: =IFERROR(__xludf.DUMMYFUNCTION("""COMPUTED_VALUE"""),"Please move as much of the metal stock as possible onto the lowest storage shelf and consolidate the rest to clear the walkway. ") -> Please move as much of the metal stock as possible onto the lowest storage shelf and consolidate the rest to clear the walkway. | E18: =IFERROR(__xludf.DUMMYFUNCTION("""COMPUTED_VALUE"""),46059.0) -> 46059 | F18: FALSE
A19: =IFERROR(__xludf.DUMMYFUNCTION("""COMPUTED_VALUE"""),"DEBUT") -> DEBUT | B19: =IFERROR(__xludf.DUMMYFUNCTION("""COMPUTED_VALUE"""),"Orange - Operations Safety (resolve in 2-3 business days)") -> Orange - Operations Safety (resolve in 2-3 business days) | C19: =IFERROR(__xludf.DUMMYFUNCTION("""COMPUTED_VALUE"""),"https://drive.google.com/open?id=1iOJWkEejMvijXob_rhDXUeHslAd4laYN") -> https://drive.google.com/open?id=1iOJWkEejMvijXob_rhDXUeHslAd4laYN | D19: =IFERROR(__xludf.DUMMYFUNCTION("""COMPUTED_VALUE"""),"Wheelchair cannot be blocking the electrical panel. Chair moved out of the way.") -> Wheelchair cannot be blocking the electrical panel. Chair moved out of the way. | E19: =IFERROR(__xludf.DUMMYFUNCTION("""COMPUTED_VALUE"""),46059.0) -> 46059 | F19: TRUE
A20: =IFERROR(__xludf.DUMMYFUNCTION("""COMPUTED_VALUE"""),"Formula") -> Formula | B20: =IFERROR(__xludf.DUMMYFUNCTION("""COMPUTED_VALUE"""),"Yellow - Stewardship Concern (resolve in 7-10 days)") -> Yellow - Stewardship Concern (resolve in 7-10 days) | C20: =IFERROR(__xludf.DUMMYFUNCTION("""COMPUTED_VALUE"""),"https://drive.google.com/open?id=1Sxgx7LoZNK5bS7JrQSzKlFpmebduI5MZ") -> https://drive.google.com/open?id=1Sxgx7LoZNK5bS7JrQSzKlFpmebduI5MZ | D20: =IFERROR(__xludf.DUMMYFUNCTION("""COMPUTED_VALUE"""),"Move materials to storage. ") -> Move materials to storage. | E20: =IFERROR(__xludf.DUMMYFUNCTION("""COMPUTED_VALUE"""),46061.0) -> 46061 | F20: FALSE
A21: =IFERROR(__xludf.DUMMYFUNCTION("""COMPUTED_VALUE"""),"Baja") -> Baja | B21: =IFERROR(__xludf.DUMMYFUNCTION("""COMPUTED_VALUE"""),"Yellow - Stewardship Concern (resolve in 7-10 days)") -> Yellow - Stewardship Concern (resolve in 7-10 days) | C21: =IFERROR(__xludf.DUMMYFUNCTION("""COMPUTED_VALUE"""),"https://drive.google.com/open?id=1dZBknIO9wAfF2yogyx4h_it3hjqU7Hb6") -> https://drive.google.com/open?id=1dZBknIO9wAfF2yogyx4h_it3hjqU7Hb6 | D21: =IFERROR(__xludf.DUMMYFUNCTION("""COMPUTED_VALUE"""),"Move materials to storage. ") -> Move materials to storage. | E21: =IFERROR(__xludf.DUMMYFUNCTION("""COMPUTED_VALUE"""),46061.0) -> 46061 | F21: FALSE
A22: =IFERROR(__xludf.DUMMYFUNCTION("""COMPUTED_VALUE"""),"CUAir") -> CUAir | B22: =IFERROR(__xludf.DUMMYFUNCTION("""COMPUTED_VALUE"""),"Yellow - Stewardship Concern (resolve in 7-10 days)") -> Yellow - Stewardship Concern (resolve in 7-10 days) | C22: =IFERROR(__xludf.DUMMYFUNCTION("""COMPUTED_VALUE"""),"https://drive.google.com/open?id=1Eur9CX_es2zhaRGL9CkYPvSJQryCmXBO") -> https://drive.google.com/open?id=1Eur9CX_es2zhaRGL9CkYPvSJQryCmXBO | D22: =IFERROR(__xludf.DUMMYFUNCTION("""COMPUTED_VALUE"""),"Tidy up area, store chemicals and remove excess cardboard from upper shelving. ") -> Tidy up area, store chemicals and remove excess cardboard from upper shelving. | E22: =IFERROR(__xludf.DUMMYFUNCTION("""COMPUTED_VALUE"""),46061.0) -> 46061 | F22: FALSE
A23: =IFERROR(__xludf.DUMMYFUNCTION("""COMPUTED_VALUE"""),"Formula") -> Formula | B23: =IFERROR(__xludf.DUMMYFUNCTION("""COMPUTED_VALUE"""),"Yellow - Stewardship Concern (resolve in 7-10 days)") -> Yellow - Stewardship Concern (resolve in 7-10 days) | C23: =IFERROR(__xludf.DUMMYFUNCTION("""COMPUTED_VALUE"""),"https://drive.google.com/open?id=1piiK5nWmTlQO2SDuG9uLGfZcZ3IfgQIm") -> https://drive.google.com/open?id=1piiK5nWmTlQO2SDuG9uLGfZcZ3IfgQIm | D23: =IFERROR(__xludf.DUMMYFUNCTION("""COMPUTED_VALUE"""),"Tidy up hallway and toss recycling. ") -> Tidy up hallway and toss recycling. | E23: =IFERROR(__xludf.DUMMYFUNCTION("""COMPUTED_VALUE"""),46061.0) -> 46061 | F23: FALSE
A24: =IFERROR(__xludf.DUMMYFUNCTION("""COMPUTED_VALUE"""),"Formula") -> Formula | B24: =IFERROR(__xludf.DUMMYFUNCTION("""COMPUTED_VALUE"""),"Yellow - Stewardship Concern (resolve in 7-10 days)") -> Yellow - Stewardship Concern (resolve in 7-10 days) | C24: =IFERROR(__xludf.DUMMYFUNCTION("""COMPUTED_VALUE"""),"https://drive.google.com/open?id=1pMGblt_xj3L9UkKzdDwZa2Jzxiq5mozv") -> https://drive.google.com/open?id=1pMGblt_xj3L9UkKzdDwZa2Jzxiq5mozv | D24: =IFERROR(__xludf.DUMMYFUNCTION("""COMPUTED_VALUE"""),"Remove plywood from b60") -> Remove plywood from b60 | E24: =IFERROR(__xludf.DUMMYFUNCTION("""COMPUTED_VALUE"""),46061.0) -> 46061 | F24: FALSE
A25: =IFERROR(__xludf.DUMMYFUNCTION("""COMPUTED_VALUE"""),"Unknown / unsure") -> Unknown / unsure | B25: =IFERROR(__xludf.DUMMYFUNCTION("""COMPUTED_VALUE"""),"Orange - Operations Safety (resolve in 2-3 business days)") -> Orange - Operations Safety (resolve in 2-3 business days) | C25: =IFERROR(__xludf.DUMMYFUNCTION("""COMPUTED_VALUE"""),"https://drive.google.com/open?id=12B-9rB2hdSCYwngV6_Ps2_-tBwbC_xsY") -> https://drive.google.com/open?id=12B-9rB2hdSCYwngV6_Ps2_-tBwbC_xsY | D25: =IFERROR(__xludf.DUMMYFUNCTION("""COMPUTED_VALUE"""),"Materials in fire lane, unsure of whose") -> Materials in fire lane, unsure of whose | E25: =IFERROR(__xludf.DUMMYFUNCTION("""COMPUTED_VALUE"""),46068.0) -> 46068 | F25: FALSE
A26: =IFERROR(__xludf.DUMMYFUNCTION("""COMPUTED_VALUE"""),"Baja") -> Baja | B26: =IFERROR(__xludf.DUMMYFUNCTION("""COMPUTED_VALUE"""),"Red - Code Compliance (same-day action Required)") -> Red - Code Compliance (same-day action Required) | C26: =IFERROR(__xludf.DUMMYFUNCTION("""COMPUTED_VALUE"""),"https://drive.google.com/open?id=1ki7v4nFCI88KEppqhRE-QyFNxWm_YwEM") -> https://drive.google.com/open?id=1ki7v4nFCI88KEppqhRE-QyFNxWm_YwEM | D26: =IFERROR(__xludf.DUMMYFUNCTION("""COMPUTED_VALUE"""),"Clear panel access areas") -> Clear panel access areas | E26: =IFERROR(__xludf.DUMMYFUNCTION("""COMPUTED_VALUE"""),46078.0) -> 46078 | F26: FALSE
A27: =IFERROR(__xludf.DUMMYFUNCTION("""COMPUTED_VALUE"""),"Formula") -> Formula | B27: =IFERROR(__xludf.DUMMYFUNCTION("""COMPUTED_VALUE"""),"Red - Code Compliance (same-day action Required)") -> Red - Code Compliance (same-day action Required) | C27: =IFERROR(__xludf.DUMMYFUNCTION("""COMPUTED_VALUE"""),"https://drive.google.com/open?id=1nR7RLvHjbAS8MFvnLgpx2j1aRMe4P812") -> https://drive.google.com/open?id=1nR7RLvHjbAS8MFvnLgpx2j1aRMe4P812 | D27: =IFERROR(__xludf.DUMMYFUNCTION("""COMPUTED_VALUE"""),"Move cones to avoid blocking extinguisher") -> Move cones to avoid blocking extinguisher | E27: =IFERROR(__xludf.DUMMYFUNCTION("""COMPUTED_VALUE"""),46078.0) -> 46078 | F27: FALSE
A28: =IFERROR(__xludf.DUMMYFUNCTION("""COMPUTED_VALUE"""),"Formula") -> Formula | B28: =IFERROR(__xludf.DUMMYFUNCTION("""COMPUTED_VALUE"""),"Red - Code Compliance (same-day action Required)") -> Red - Code Compliance (same-day action Required) | C28: =IFERROR(__xludf.DUMMYFUNCTION("""COMPUTED_VALUE"""),"https://drive.google.com/open?id=11PKC4BzJgcJ6OxM43nSFywrXKQV-qj4Z") -> https://drive.google.com/open?id=11PKC4BzJgcJ6OxM43nSFywrXKQV-qj4Z | D28: =IFERROR(__xludf.DUMMYFUNCTION("""COMPUTED_VALUE"""),"Move materials to Rhodes basement cages or HVL to clear hallway ") -> Move materials to Rhodes basement cages or HVL to clear hallway | E28: =IFERROR(__xludf.DUMMYFUNCTION("""COMPUTED_VALUE"""),46078.0) -> 46078 | F28: FALSE
A29: =IFERROR(__xludf.DUMMYFUNCTION("""COMPUTED_VALUE"""),"Baja") -> Baja | B29: =IFERROR(__xludf.DUMMYFUNCTION("""COMPUTED_VALUE"""),"Red - Code Compliance (same-day action Required)") -> Red - Code Compliance (same-day action Required) | C29: =IFERROR(__xludf.DUMMYFUNCTION("""COMPUTED_VALUE"""),"https://drive.google.com/open?id=1ryDai6C-m7tpWQipCHZinxgjT5EwpJ3w") -> https://drive.google.com/open?id=1ryDai6C-m7tpWQipCHZinxgjT5EwpJ3w | D29: =IFERROR(__xludf.DUMMYFUNCTION("""COMPUTED_VALUE"""),"Move materials to Rhodes storage or HVL to clear hallway") -> Move materials to Rhodes storage or HVL to clear hallway | E29: =IFERROR(__xludf.DUMMYFUNCTION("""COMPUTED_VALUE"""),46078.0) -> 46078 | F29: FALSE
A30: =IFERROR(__xludf.DUMMYFUNCTION("""COMPUTED_VALUE"""),"CEV") -> CEV | B30: =IFERROR(__xludf.DUMMYFUNCTION("""COMPUTED_VALUE"""),"Red - Code Compliance (same-day action Required)") -> Red - Code Compliance (same-day action Required) | C30: =IFERROR(__xludf.DUMMYFUNCTION("""COMPUTED_VALUE"""),"https://drive.google.com/open?id=1to3zKfiqP5pSmoXTjMb11puq3qxbQUhk") -> https://drive.google.com/open?id=1to3zKfiqP5pSmoXTjMb11puq3qxbQUhk | D30: =IFERROR(__xludf.DUMMYFUNCTION("""COMPUTED_VALUE"""),"Clean up and organize composites space. Remove combustibles. Use Rhodes basement cages or HVL for storage if necessary ") -> Clean up and organize composites space. Remove combustibles. Use Rhodes basement cages or HVL for storage if necessary | E30: =IFERROR(__xludf.DUMMYFUNCTION("""COMPUTED_VALUE"""),46078.0) -> 46078 | F30: FALSE
A31: =IFERROR(__xludf.DUMMYFUNCTION("""COMPUTED_VALUE"""),"Formula") -> Formula | B31: =IFERROR(__xludf.DUMMYFUNCTION("""COMPUTED_VALUE"""),"Red - Code Compliance (same-day action Required)") -> Red - Code Compliance (same-day action Required) | C31: =IFERROR(__xludf.DUMMYFUNCTION("""COMPUTED_VALUE"""),"https://drive.google.com/open?id=1RWYNAcqHGg2S5swtIQFLLkbkRavyk9i_") -> https://drive.google.com/open?id=1RWYNAcqHGg2S5swtIQFLLkbkRavyk9i_ | D31: =IFERROR(__xludf.DUMMYFUNCTION("""COMPUTED_VALUE"""),"Remove/ store material rolls ") -> Remove/ store material rolls | E31: =IFERROR(__xludf.DUMMYFUNCTION("""COMPUTED_VALUE"""),46078.0) -> 46078 | F31: FALSE
A32: =IFERROR(__xludf.DUMMYFUNCTION("""COMPUTED_VALUE"""),"Formula") -> Formula | B32: =IFERROR(__xludf.DUMMYFUNCTION("""COMPUTED_VALUE"""),"Red - Code Compliance (same-day action Required)") -> Red - Code Compliance (same-day action Required) | C32: =IFERROR(__xludf.DUMMYFUNCTION("""COMPUTED_VALUE"""),"https://drive.google.com/open?id=18aDWjAopFZClybVzoy9VYApFcTkAnhEr") -> https://drive.google.com/open?id=18aDWjAopFZClybVzoy9VYApFcTkAnhEr | D32: =IFERROR(__xludf.DUMMYFUNCTION("""COMPUTED_VALUE"""),"Clear floor as much as possible ") -> Clear floor as much as possible | E32: =IFERROR(__xludf.DUMMYFUNCTION("""COMPUTED_VALUE"""),46078.0) -> 46078
A33: =IFERROR(__xludf.DUMMYFUNCTION("""COMPUTED_VALUE"""),"Design Build Fly") -> Design Build Fly | B33: =IFERROR(__xludf.DUMMYFUNCTION("""COMPUTED_VALUE"""),"Red - Code Compliance (same-day action Required)") -> Red - Code Compliance (same-day action Required) | C33: =IFERROR(__xludf.DUMMYFUNCTION("""COMPUTED_VALUE"""),"https://drive.google.com/open?id=1aLQZOt63rSPcMQdCmvzQe66XrebwpcgM") -> https://drive.google.com/open?id=1aLQZOt63rSPcMQdCmvzQe66XrebwpcgM | D33: =IFERROR(__xludf.DUMMYFUNCTION("""COMPUTED_VALUE"""),"Generator must be empty of fuel or moved to HVL or Rhodes penthouse") -> Generator must be empty of fuel or moved to HVL or Rhodes penthouse | E33: =IFERROR(__xludf.DUMMYFUNCTION("""COMPUTED_VALUE"""),46078.0) -> 46078
A34: =IFERROR(__xludf.DUMMYFUNCTION("""COMPUTED_VALUE"""),"Concrete Canoe") -> Concrete Canoe | B34: =IFERROR(__xludf.DUMMYFUNCTION("""COMPUTED_VALUE"""),"Orange - Operations Safety (resolve in 2-3 business days)") -> Orange - Operations Safety (resolve in 2-3 business days) | C34: =IFERROR(__xludf.DUMMYFUNCTION("""COMPUTED_VALUE"""),"https://drive.google.com/open?id=1G2Hax0RSCyVwEUURElK7o2C9EIR9KdDk") -> https://drive.google.com/open?id=1G2Hax0RSCyVwEUURElK7o2C9EIR9KdDk | D34: =IFERROR(__xludf.DUMMYFUNCTION("""COMPUTED_VALUE"""),"Please pick up these new vacuums and dust control lids for the mix crew and bring them to the HVL ASAP") -> Please pick up these new vacuums and dust control lids for the mix crew and bring them to the HVL ASAP | E34: =IFERROR(__xludf.DUMMYFUNCTION("""COMPUTED_VALUE"""),46079.0) -> 46079
A35: =IFERROR(__xludf.DUMMYFUNCTION("""COMPUTED_VALUE"""),"CEV") -> CEV | B35: =IFERROR(__xludf.DUMMYFUNCTION("""COMPUTED_VALUE"""),"Orange - Operations Safety (resolve in 2-3 business days)") -> Orange - Operations Safety (resolve in 2-3 business days) | C35: =IFERROR(__xludf.DUMMYFUNCTION("""COMPUTED_VALUE"""),"https://drive.google.com/open?id=1dsW-H0n7DZvHBvsi6AOY_4LsJpGdsyRj") -> https://drive.google.com/open?id=1dsW-H0n7DZvHBvsi6AOY_4LsJpGdsyRj | D35: =IFERROR(__xludf.DUMMYFUNCTION("""COMPUTED_VALUE"""),"Need to clean up CEV space in composites lab by end of day Wednesday for fire inspection. ") -> Need to clean up CEV space in composites lab by end of day Wednesday for fire inspection. | E35: =IFERROR(__xludf.DUMMYFUNCTION("""COMPUTED_VALUE"""),46079.0) -> 46079
A36: =IFERROR(__xludf.DUMMYFUNCTION("""COMPUTED_VALUE"""),"Rocketry") -> Rocketry | B36: =IFERROR(__xludf.DUMMYFUNCTION("""COMPUTED_VALUE"""),"Red - Code Compliance (same-day action Required)") -> Red - Code Compliance (same-day action Required) | D36: =IFERROR(__xludf.DUMMYFUNCTION("""COMPUTED_VALUE"""),"Please remove propane tank from inside HVL before 2pm today if at all possible. You can leave it in the back of the project truck if you need to. ") -> Please remove propane tank from inside HVL before 2pm today if at all possible. You can leave it in the back of the project truck if you need to. | E36: =IFERROR(__xludf.DUMMYFUNCTION("""COMPUTED_VALUE"""),46080.0) -> 46080
A37: =IFERROR(__xludf.DUMMYFUNCTION("""COMPUTED_VALUE"""),"Rocketry") -> Rocketry | B37: =IFERROR(__xludf.DUMMYFUNCTION("""COMPUTED_VALUE"""),"Orange - Operations Safety (resolve in 2-3 business days)") -> Orange - Operations Safety (resolve in 2-3 business days) | C37: =IFERROR(__xludf.DUMMYFUNCTION("""COMPUTED_VALUE"""),"https://drive.google.com/open?id=1v_wL6ihOmYNmNpa0LP4SyI2JM7SoGNYP") -> https://drive.google.com/open?id=1v_wL6ihOmYNmNpa0LP4SyI2JM7SoGNYP | D37: =IFERROR(__xludf.DUMMYFUNCTION("""COMPUTED_VALUE"""),"Empty and return recycling container") -> Empty and return recycling container | E37: =IFERROR(__xludf.DUMMYFUNCTION("""COMPUTED_VALUE"""),46083.0) -> 46083
A38: =IFERROR(__xludf.DUMMYFUNCTION("""COMPUTED_VALUE"""),"Unknown / unsure") -> Unknown / unsure | B38: =IFERROR(__xludf.DUMMYFUNCTION("""COMPUTED_VALUE"""),"Yellow - Stewardship Concern (resolve in 7-10 days)") -> Yellow - Stewardship Concern (resolve in 7-10 days) | C38: =IFERROR(__xludf.DUMMYFUNCTION("""COMPUTED_VALUE"""),"https://drive.google.com/open?id=1dAHvHu_sGzkcmCqsU--UuFco0dnsz7DR") -> https://drive.google.com/open?id=1dAHvHu_sGzkcmCqsU--UuFco0dnsz7DR | D38: =IFERROR(__xludf.DUMMYFUNCTION("""COMPUTED_VALUE"""),"Consolidate work area and clear aisle") -> Consolidate work area and clear aisle | E38: =IFERROR(__xludf.DUMMYFUNCTION("""COMPUTED_VALUE"""),46087.0) -> 46087
A39: =IFERROR(__xludf.DUMMYFUNCTION("""COMPUTED_VALUE"""),"Baja") -> Baja | B39: =IFERROR(__xludf.DUMMYFUNCTION("""COMPUTED_VALUE"""),"Yellow - Stewardship Concern (resolve in 7-10 days)") -> Yellow - Stewardship Concern (resolve in 7-10 days) | C39: =IFERROR(__xludf.DUMMYFUNCTION("""COMPUTED_VALUE"""),"https://drive.google.com/open?id=1ocbQXMShsQdXb2SaCoh1_dJXSU7IB2xF") -> https://drive.google.com/open?id=1ocbQXMShsQdXb2SaCoh1_dJXSU7IB2xF | D39: =IFERROR(__xludf.DUMMYFUNCTION("""COMPUTED_VALUE"""),"Move cars onto Cornell property near HVL. ") -> Move cars onto Cornell property near HVL. | E39: =IFERROR(__xludf.DUMMYFUNCTION("""COMPUTED_VALUE"""),46102.0) -> 46102
A40: =IFERROR(__xludf.DUMMYFUNCTION("""COMPUTED_VALUE"""),"CU Sail") -> CU Sail | B40: =IFERROR(__xludf.DUMMYFUNCTION("""COMPUTED_VALUE"""),"Yellow - Stewardship Concern (resolve in 7-10 days)") -> Yellow - Stewardship Concern (resolve in 7-10 days) | C40: =IFERROR(__xludf.DUMMYFUNCTION("""COMPUTED_VALUE"""),"https://drive.google.com/open?id=1gsRIqZ-1kiVnHYbPxfT1nURl-tigpH5i") -> https://drive.google.com/open?id=1gsRIqZ-1kiVnHYbPxfT1nURl-tigpH5i | D40: =IFERROR(__xludf.DUMMYFUNCTION("""COMPUTED_VALUE"""),"Do not put hardening chemicals in paint funnel") -> Do not put hardening chemicals in paint funnel | E40: =IFERROR(__xludf.DUMMYFUNCTION("""COMPUTED_VALUE"""),46102.0) -> 46102
A41: =IFERROR(__xludf.DUMMYFUNCTION("""COMPUTED_VALUE"""),"CU Sail") -> CU Sail | B41: =IFERROR(__xludf.DUMMYFUNCTION("""COMPUTED_VALUE"""),"Yellow - Stewardship Concern (resolve in 7-10 days)") -> Yellow - Stewardship Concern (resolve in 7-10 days) | C41: =IFERROR(__xludf.DUMMYFUNCTION("""COMPUTED_VALUE"""),"https://drive.google.com/open?id=1F82Tvx4SilRigp6eDacyCLzAEgyw-uFI") -> https://drive.google.com/open?id=1F82Tvx4SilRigp6eDacyCLzAEgyw-uFI | D41: =IFERROR(__xludf.DUMMYFUNCTION("""COMPUTED_VALUE"""),"Clean up after work sessions so paints and chemicals don’t get tracked across floor. ") -> Clean up after work sessions so paints and chemicals don’t get tracked across floor. | E41: =IFERROR(__xludf.DUMMYFUNCTION("""COMPUTED_VALUE"""),46102.0) -> 46102
A42: =IFERROR(__xludf.DUMMYFUNCTION("""COMPUTED_VALUE"""),"Baja") -> Baja | B42: =IFERROR(__xludf.DUMMYFUNCTION("""COMPUTED_VALUE"""),"Red - Code Compliance (same-day action Required)") -> Red - Code Compliance (same-day action Required) | C42: =IFERROR(__xludf.DUMMYFUNCTION("""COMPUTED_VALUE"""),"https://drive.google.com/open?id=1dUWD9AZ0oqOosQ33CrcMrOpY2daYJEtc") -> https://drive.google.com/open?id=1dUWD9AZ0oqOosQ33CrcMrOpY2daYJEtc | D42: =IFERROR(__xludf.DUMMYFUNCTION("""COMPUTED_VALUE"""),"Please collect boxes from mail room asap. ") -> Please collect boxes from mail room asap. | E42: =IFERROR(__xludf.DUMMYFUNCTION("""COMPUTED_VALUE"""),46105.0) -> 46105
A43: =IFERROR(__xludf.DUMMYFUNCTION("""COMPUTED_VALUE"""),"CU Sail") -> CU Sail | B43: =IFERROR(__xludf.DUMMYFUNCTION("""COMPUTED_VALUE"""),"Red - Code Compliance (same-day action Required)") -> Red - Code Compliance (same-day action Required) | C43: =IFERROR(__xludf.DUMMYFUNCTION("""COMPUTED_VALUE"""),"https://drive.google.com/open?id=1XvsdCPXTvfjb9a21J4vl1XQqIMTGTpCI") -> https://drive.google.com/open?id=1XvsdCPXTvfjb9a21J4vl1XQqIMTGTpCI | D43: =IFERROR(__xludf.DUMMYFUNCTION("""COMPUTED_VALUE"""),"Move boat and plywood stand asap so they do not block hallway. ") -> Move boat and plywood stand asap so they do not block hallway. | E43: =IFERROR(__xludf.DUMMYFUNCTION("""COMPUTED_VALUE"""),46107.0) -> 46107
A44: =IFERROR(__xludf.DUMMYFUNCTION("""COMPUTED_VALUE"""),"Formula") -> Formula | B44: =IFERROR(__xludf.DUMMYFUNCTION("""COMPUTED_VALUE"""),"Red - Code Compliance (same-day action Required)") -> Red - Code Compliance (same-day action Required) | C44: =IFERROR(__xludf.DUMMYFUNCTION("""COMPUTED_VALUE"""),"https://drive.google.com/open?id=1-ot_JLU13fRyngylhsY-gTNB_9h16agp") -> https://drive.google.com/open?id=1-ot_JLU13fRyngylhsY-gTNB_9h16agp | D44: =IFERROR(__xludf.DUMMYFUNCTION("""COMPUTED_VALUE"""),"Move drum blocking fire extinguisher and open up building egress path. ") -> Move drum blocking fire extinguisher and open up building egress path. | E44: =IFERROR(__xludf.DUMMYFUNCTION("""COMPUTED_VALUE"""),46127.0) -> 46127
A45: =IFERROR(__xludf.DUMMYFUNCTION("""COMPUTED_VALUE"""),"Baja") -> Baja | B45: =IFERROR(__xludf.DUMMYFUNCTION("""COMPUTED_VALUE"""),"Red - Code Compliance (same-day action Required)") -> Red - Code Compliance (same-day action Required) | C45: =IFERROR(__xludf.DUMMYFUNCTION("""COMPUTED_VALUE"""),"https://drive.google.com/open?id=1hVGW4RTVkb3mmeajBbDi1odjULLxiaWG") -> https://drive.google.com/open?id=1hVGW4RTVkb3mmeajBbDi1odjULLxiaWG | D45: =IFERROR(__xludf.DUMMYFUNCTION("""COMPUTED_VALUE"""),"Clear access to eye wash ") -> Clear access to eye wash | E45: =IFERROR(__xludf.DUMMYFUNCTION("""COMPUTED_VALUE"""),46127.0) -> 46127
A46: =IFERROR(__xludf.DUMMYFUNCTION("""COMPUTED_VALUE"""),"Baja") -> Baja | B46: =IFERROR(__xludf.DUMMYFUNCTION("""COMPUTED_VALUE"""),"Red - Code Compliance (same-day action Required)") -> Red - Code Compliance (same-day action Required) | C46: =IFERROR(__xludf.DUMMYFUNCTION("""COMPUTED_VALUE"""),"https://drive.google.com/open?id=1WLHH2FiMXsCTwKRs9YALBLYZMLSsa0lb") -> https://drive.google.com/open?id=1WLHH2FiMXsCTwKRs9YALBLYZMLSsa0lb | D46: =IFERROR(__xludf.DUMMYFUNCTION("""COMPUTED_VALUE"""),"Clear access to panel and secure gas cylinder ") -> Clear access to panel and secure gas cylinder | E46: =IFERROR(__xludf.DUMMYFUNCTION("""COMPUTED_VALUE"""),46127.0) -> 46127
A47: =IFERROR(__xludf.DUMMYFUNCTION("""COMPUTED_VALUE"""),"Mars Rover") -> Mars Rover | B47: =IFERROR(__xludf.DUMMYFUNCTION("""COMPUTED_VALUE"""),"Yellow - Stewardship Concern (resolve in 7-10 days)") -> Yellow - Stewardship Concern (resolve in 7-10 days) | C47: =IFERROR(__xludf.DUMMYFUNCTION("""COMPUTED_VALUE"""),"https://drive.google.com/open?id=1_yoF506zHTqqo13tLAx5ooGjWFPE47GN") -> https://drive.google.com/open?id=1_yoF506zHTqqo13tLAx5ooGjWFPE47GN | D47: =IFERROR(__xludf.DUMMYFUNCTION("""COMPUTED_VALUE"""),"Disassemble and or move test stand in Rhodes basement. Can move to storage shelves in HVL") -> Disassemble and or move test stand in Rhodes basement. Can move to storage shelves in HVL | E47: =IFERROR(__xludf.DUMMYFUNCTION("""COMPUTED_VALUE"""),46128.0) -> 46128
A48: =IFERROR(__xludf.DUMMYFUNCTION("""COMPUTED_VALUE"""),"Baja") -> Baja | B48: =IFERROR(__xludf.DUMMYFUNCTION("""COMPUTED_VALUE"""),"Red - Code Compliance (same-day action Required)") -> Red - Code Compliance (same-day action Required) | C48: =IFERROR(__xludf.DUMMYFUNCTION("""COMPUTED_VALUE"""),"https://drive.google.com/open?id=1NsfcWujvs3TTNRhilGEHClXymOREAUxF") -> https://drive.google.com/open?id=1NsfcWujvs3TTNRhilGEHClXymOREAUxF | D48: =IFERROR(__xludf.DUMMYFUNCTION("""COMPUTED_VALUE"""),"Clear access to eye wash. ") -> Clear access to eye wash. | E48: =IFERROR(__xludf.DUMMYFUNCTION("""COMPUTED_VALUE"""),46129.0) -> 46129
A49: =IFERROR(__xludf.DUMMYFUNCTION("""COMPUTED_VALUE"""),"Rocketry") -> Rocketry | B49: =IFERROR(__xludf.DUMMYFUNCTION("""COMPUTED_VALUE"""),"Red - Code Compliance (same-day action Required)") -> Red - Code Compliance (same-day action Required) | C49: =IFERROR(__xludf.DUMMYFUNCTION("""COMPUTED_VALUE"""),"https://drive.google.com/open?id=1YMj0cKxb0eeWJV8k0_J-Y1PAr12tE_By") -> https://drive.google.com/open?id=1YMj0cKxb0eeWJV8k0_J-Y1PAr12tE_By | D49: =IFERROR(__xludf.DUMMYFUNCTION("""COMPUTED_VALUE"""),"Move propane bottle to loading dock and label") -> Move propane bottle to loading dock and label | E49: =IFERROR(__xludf.DUMMYFUNCTION("""COMPUTED_VALUE"""),46129.0) -> 46129
A50: =IFERROR(__xludf.DUMMYFUNCTION("""COMPUTED_VALUE"""),"CEV") -> CEV | B50: =IFERROR(__xludf.DUMMYFUNCTION("""COMPUTED_VALUE"""),"Orange - Operations Safety (resolve in 2-3 business days)") -> Orange - Operations Safety (resolve in 2-3 business days) | C50: =IFERROR(__xludf.DUMMYFUNCTION("""COMPUTED_VALUE"""),"https://drive.google.com/open?id=1YCHh_AFaNIsLQ9vebjX5Ikf4TZYaXtg5") -> https://drive.google.com/open?id=1YCHh_AFaNIsLQ9vebjX5Ikf4TZYaXtg5 | D50: =IFERROR(__xludf.DUMMYFUNCTION("""COMPUTED_VALUE"""),"Assuming this is CEVs should not be left in hallway. ") -> Assuming this is CEVs should not be left in hallway. | E50: =IFERROR(__xludf.DUMMYFUNCTION("""COMPUTED_VALUE"""),46143.0) -> 46143
A51: =IFERROR(__xludf.DUMMYFUNCTION("""COMPUTED_VALUE"""),"Baja") -> Baja | B51: =IFERROR(__xludf.DUMMYFUNCTION("""COMPUTED_VALUE"""),"Yellow - Stewardship Concern (resolve in 7-10 days)") -> Yellow - Stewardship Concern (resolve in 7-10 days) | C51: =IFERROR(__xludf.DUMMYFUNCTION("""COMPUTED_VALUE"""),"https://drive.google.com/open?id=19DGewlgof6dncC8xL3R1sAWQLxyKGssZ") -> https://drive.google.com/open?id=19DGewlgof6dncC8xL3R1sAWQLxyKGssZ | D51: =IFERROR(__xludf.DUMMYFUNCTION("""COMPUTED_VALUE"""),"Remove ‘baja’ paint from concrete wall") -> Remove ‘baja’ paint from concrete wall | E51: =IFERROR(__xludf.DUMMYFUNCTION("""COMPUTED_VALUE"""),46146.0) -> 46146
A52: =IFERROR(__xludf.DUMMYFUNCTION("""COMPUTED_VALUE"""),"Baja") -> Baja | B52: =IFERROR(__xludf.DUMMYFUNCTION("""COMPUTED_VALUE"""),"Yellow - Stewardship Concern (resolve in 7-10 days)") -> Yellow - Stewardship Concern (resolve in 7-10 days) | C52: =IFERROR(__xludf.DUMMYFUNCTION("""COMPUTED_VALUE"""),"https://drive.google.com/open?id=1IJtwfoPELePLNDC96MM-gKSGtG8qLH7Z") -> https://drive.google.com/open?id=1IJtwfoPELePLNDC96MM-gKSGtG8qLH7Z | D52: =IFERROR(__xludf.DUMMYFUNCTION("""COMPUTED_VALUE"""),"B60 is looking pretty rough and needs to be cleaned. Pick everything up off the floor so building care can clean the carpet and minimize greasy / fab activity") -> B60 is looking pretty rough and needs to be cleaned. Pick everything up off the floor so building care can clean the carpet and minimize greasy / fab activity | E52: =IFERROR(__xludf.DUMMYFUNCTION("""COMPUTED_VALUE"""),46150.0) -> 46150

Sheet (WIP) Dashboard v2
A1: Refer to Analyses Subsheet for source data

Sheet (WIP) Analysis
A1: Team Name | B1: Issue Type | C1: Issue Severity | D1: Date | E1: Assigned Week # | G1: Full Size Charts on Dashboard v2 | M1: Week # | N1: Num. Issues
A2: =#REF! -> #REF! | B2: =#REF! -> #REF! | C2: =#REF! -> #REF! | D2: =#REF! -> #REF! | E2: =WEEKNUM(D2)-38 -> #REF! | M2: 0 | N2: =COUNTIF(E2:E100, M2) -> 6
A3: =#REF! -> #REF! | B3: =#REF! -> #REF! | C3: =#REF! -> #REF! | D3: =#REF! -> #REF! | E3: =WEEKNUM(D3)-38 -> #REF! | M3: 1 | N3: =COUNTIF(E3:E101, M3) -> 0
A4: =#REF! -> #REF! | B4: =#REF! -> #REF! | C4: =#REF! -> #REF! | D4: =#REF! -> #REF! | E4: =WEEKNUM(D4)-38 -> #REF! | M4: 2 | N4: =COUNTIF(E4:E102, M4) -> 7
A5: =#REF! -> #REF! | B5: =#REF! -> #REF! | C5: =#REF! -> #REF! | D5: =#REF! -> #REF! | E5: =WEEKNUM(D5)-38 -> #REF! | M5: 3 | N5: =COUNTIF(E5:E103, M5) -> 0
A6: =#REF! -> #REF! | B6: =#REF! -> #REF! | C6: =#REF! -> #REF! | D6: =#REF! -> #REF! | E6: =WEEKNUM(D6)-38 -> #REF! | M6: 4 | N6: =COUNTIF(E6:E104, M6) -> 0
A7: =#REF! -> #REF! | B7: =#REF! -> #REF! | C7: =#REF! -> #REF! | D7: =#REF! -> #REF! | E7: =WEEKNUM(D7)-38 -> #REF! | M7: 5 | N7: =COUNTIF(E7:E105, M7) -> 0
A8: =#REF! -> #REF! | B8: =#REF! -> #REF! | C8: =#REF! -> #REF! | D8: =#REF! -> #REF! | E8: =WEEKNUM(D8)-38 -> #REF! | M8: 6 | N8: =COUNTIF(E8:E106, M8) -> 0
A9: ='Form Responses'!D2 -> steel bridge | B9: ='Form Responses'!G2 -> Housekeeping | C9: ='Form Responses'!E2 -> Yellow - Stewardship concern (Address at next scheduled meeting) | D9: ='Form Responses'!A2 -> 45918.389 | E9: =WEEKNUM(D9)-38 -> 0 | M9: 7 | N9: =COUNTIF(E9:E107, M9) -> 0
A10: ='Form Responses'!D3 -> concrete canoe | B10: ='Form Responses'!G3 -> Shared space (misuse of) | C10: ='Form Responses'!E3 -> Yellow - Stewardship concern (Address at next scheduled meeting) | D10: ='Form Responses'!A3 -> 45918.392 | E10: =WEEKNUM(D10)-38 -> 0 | M10: 8 | N10: =COUNTIF(E10:E108, M10) -> 0
A11: ='Form Responses'!D4 -> Formula | B11: ='Form Responses'!G4 -> Shared space (misuse of) | C11: ='Form Responses'!E4 -> Yellow - Stewardship concern (Address at next scheduled meeting) | D11: ='Form Responses'!A4 -> 45918.395 | E11: =WEEKNUM(D11)-38 -> 0 | M11: 9 | N11: =COUNTIF(E11:E109, M11) -> 0
A12: ='Form Responses'!D5 -> concrete canoe | B12: ='Form Responses'!G5 -> Housekeeping | C12: ='Form Responses'!E5 -> Yellow - Stewardship concern (Address at next scheduled meeting) | D12: ='Form Responses'!A5 -> 45918.398 | E12: =WEEKNUM(D12)-38 -> 0 | M12: 10 | N12: =COUNTIF(E12:E110, M12) -> 0
A13: ='Form Responses'!D6 -> Formula | B13: ='Form Responses'!G6 -> Shared space (misuse of) | C13: ='Form Responses'!E6 -> Orange - Operations/ Safety issue (resolve in 2-3 business days) | D13: ='Form Responses'!A6 -> 45918.621 | E13: =WEEKNUM(D13)-38 -> 0 | M13: 11 | N13: =COUNTIF(E13:E111, M13) -> 0
A14: ='Form Responses'!D7 -> concrete canoe | B14: ='Form Responses'!G7 -> Fire / electrical (code violation) | C14: ='Form Responses'!E7 -> Red - Code violation (immediate action Required) | D14: ='Form Responses'!A7 -> 45919.718 | E14: =WEEKNUM(D14)-38 -> 0 | M14: 12 | N14: =COUNTIF(E14:E112, M14) -> 0
A15: ='Form Responses'!D8 -> Mars Rover | B15: ='Form Responses'!G8 -> Egress / access | C15: ='Form Responses'!E8 -> Yellow - Stewardship concern (Address at next scheduled meeting) | D15: ='Form Responses'!A8 -> 45932.638 | E15: =WEEKNUM(D15)-38 -> 2 | M15: 13 | N15: =COUNTIF(E15:E113, M15) -> 0
A16: ='Form Responses'!D9 -> DEBUT | B16: ='Form Responses'!G9 -> Fire / electrical (code violation) | C16: ='Form Responses'!E9 -> Red - Code violation (immediate action Required) | D16: ='Form Responses'!A9 -> 45932.695 | E16: =WEEKNUM(D16)-38 -> 2 | M16: 14 | N16: =COUNTIF(E16:E114, M16) -> 0
A17: ='Form Responses'!D10 -> Operations Team | B17: ='Form Responses'!G10 -> Unsafe Work Practices | C17: ='Form Responses'!E10 -> Yellow - Stewardship concern (Address at next scheduled meeting) | D17: ='Form Responses'!A10 -> 45933.384 | E17: =WEEKNUM(D17)-38 -> 2 | M17: 15 | N17: =COUNTIF(E17:E115, M17) -> 0
A18: ='Form Responses'!D11 -> Operations Team | B18: ='Form Responses'!G11 -> Maintenance/ facilities | C18: ='Form Responses'!E11 -> Ivory - Below standard (demonstrate improvement in 14-21 days) | D18: ='Form Responses'!A11 -> 45933.396 | E18: =WEEKNUM(D18)-38 -> 2 | M18: 16 | N18: =COUNTIF(E18:E116, M18) -> 0
A19: ='Form Responses'!D12 -> Operations Team | B19: ='Form Responses'!G12 -> Unsafe Work Practices | C19: ='Form Responses'!E12 -> Yellow - Stewardship concern (Address at next scheduled meeting) | D19: ='Form Responses'!A12 -> 45933.398 | E19: =WEEKNUM(D19)-38 -> 2 | M19: 17 | N19: =COUNTIF(E19:E117, M19) -> 0
A20: ='Form Responses'!D13 -> Operations Team | B20: ='Form Responses'!G13 -> Fire / electrical (code violation) | C20: ='Form Responses'!E13 -> Yellow - Stewardship concern (Address at next scheduled meeting) | D20: ='Form Responses'!A13 -> 45933.399 | E20: =WEEKNUM(D20)-38 -> 2 | M20: 18 | N20: =COUNTIF(E20:E118, M20) -> 0
A21: ='Form Responses'!D14 -> Operations Team | B21: ='Form Responses'!G14 -> Maintenance/ facilities | C21: ='Form Responses'!E14 -> Purple - Opportunity for improvement (as time permits) | D21: ='Form Responses'!A14 -> 45933.403 | E21: =WEEKNUM(D21)-38 -> 2 | M21: 19 | N21: =COUNTIF(E21:E119, M21) -> 0
A22: ='Form Responses'!D105 | B22: ='Form Responses'!G105 | C22: ='Form Responses'!E105 | D22: ='Form Responses'!A105 | M22: 20 | N22: =COUNTIF(E22:E120, M22) -> 0
A23: ='Form Responses'!D106 | B23: ='Form Responses'!G106 | C23: ='Form Responses'!E106 | D23: ='Form Responses'!A106 | M23: 21 | N23: =COUNTIF(E23:E121, M23) -> 0
A24: ='Form Responses'!D107 | B24: ='Form Responses'!G107 | C24: ='Form Responses'!E107 | D24: ='Form Responses'!A107 | M24: 22 | N24: =COUNTIF(E24:E122, M24) -> 0
A25: ='Form Responses'!D108 | B25: ='Form Responses'!G108 | C25: ='Form Responses'!E108 | D25: ='Form Responses'!A108 | M25: 23 | N25: =COUNTIF(E25:E123, M25) -> 0
A26: ='Form Responses'!D109 | B26: ='Form Responses'!G109 | C26: ='Form Responses'!E109 | D26: ='Form Responses'!A109 | M26: 24 | N26: =COUNTIF(E26:E124, M26) -> 0
A27: ='Form Responses'!D110 | B27: ='Form Responses'!G110 | C27: ='Form Responses'!E110 | D27: ='Form Responses'!A110 | M27: 25 | N27: =COUNTIF(E27:E125, M27) -> 0
A28: ='Form Responses'!D111 | B28: ='Form Responses'!G111 | C28: ='Form Responses'!E111 | D28: ='Form Responses'!A111 | M28: 26 | N28: =COUNTIF(E28:E126, M28) -> 0
A29: ='Form Responses'!D112 | B29: ='Form Responses'!G112 | C29: ='Form Responses'!E112 | D29: ='Form Responses'!A112 | M29: 27 | N29: =COUNTIF(E29:E127, M29) -> 0
A30: ='Form Responses'!D113 | B30: ='Form Responses'!G113 | C30: ='Form Responses'!E113 | D30: ='Form Responses'!A113 | M30: 28 | N30: =COUNTIF(E30:E128, M30) -> 0
A31: ='Form Responses'!D114 | B31: ='Form Responses'!G114 | C31: ='Form Responses'!E114 | D31: ='Form Responses'!A114 | M31: 29 | N31: =COUNTIF(E31:E129, M31) -> 0
A32: ='Form Responses'!D115 | B32: ='Form Responses'!G115 | C32: ='Form Responses'!E115 | D32: ='Form Responses'!A115 | M32: 30 | N32: =COUNTIF(E32:E130, M32) -> 0
A33: ='Form Responses'!D116 | B33: ='Form Responses'!G116 | C33: ='Form Responses'!E116 | D33: ='Form Responses'!A116 | M33: 31 | N33: =COUNTIF(E33:E131, M33) -> 0
... A51: ='Form Responses'!D134 | B51: ='Form Responses'!G134 | C51: ='Form Responses'!E134 | D51: ='Form Responses'!A134 | M51: 49 | N51: =COUNTIF(E51:E149, M51) -> 0
A52: ='Form Responses'!D140 | B52: ='Form Responses'!G140 | M52: 50 | N52: =COUNTIF(E52:E150, M52) -> 0
A53: ='Form Responses'!D141 | B53: ='Form Responses'!G141 | M53: 51 | N53: =COUNTIF(E53:E151, M53) -> 0
A54: ='Form Responses'!D142 | B54: ='Form Responses'!G142 | M54: 52 | N54: =COUNTIF(E54:E152, M54) -> 0
A55: ='Form Responses'!D143 | B55: ='Form Responses'!G143 | M55: 53 | N55: =COUNTIF(E55:E153, M55) -> 0
A56: ='Form Responses'!D144 | B56: ='Form Responses'!G144 | M56: 54 | N56: =COUNTIF(E56:E154, M56) -> 0
A57: ='Form Responses'!D145 | B57: ='Form Responses'!G145 | M57: 55 | N57: =COUNTIF(E57:E155, M57) -> 0
A58: ='Form Responses'!D146 | B58: ='Form Responses'!G146 | M58: 56 | N58: =COUNTIF(E58:E156, M58) -> 0
A59: ='Form Responses'!D147 | B59: ='Form Responses'!G147 | M59: 57 | N59: =COUNTIF(E59:E157, M59) -> 0
A60: ='Form Responses'!D148 | B60: ='Form Responses'!G148 | M60: 58 | N60: =COUNTIF(E60:E158, M60) -> 0
A61: ='Form Responses'!D149 | B61: ='Form Responses'!G149 | M61: 59 | N61: =COUNTIF(E61:E159, M61) -> 0
A62: ='Form Responses'!D150 | B62: ='Form Responses'!G150 | M62: 60 | N62: =COUNTIF(E62:E160, M62) -> 0
A63: ='Form Responses'!D151 | B63: ='Form Responses'!G151 | M63: 61 | N63: =COUNTIF(E63:E161, M63) -> 0
... A65: ='Form Responses'!D153 | B65: ='Form Responses'!G153 | M65: 63 | N65: =COUNTIF(E65:E163, M65) -> 0
A66: ='Form Responses'!D154 | B66: ='Form Responses'!G154
A67: ='Form Responses'!D155 | B67: ='Form Responses'!G155
A68: ='Form Responses'!D156 | B68: ='Form Responses'!G156
A69: ='Form Responses'!D157 | B69: ='Form Responses'!G157
A70: ='Form Responses'!D158 | B70: ='Form Responses'!G158
A71: ='Form Responses'!D159 | B71: ='Form Responses'!G159
A72: ='Form Responses'!D160 | B72: ='Form Responses'!G160
A73: ='Form Responses'!D161 | B73: ='Form Responses'!G161
A74: ='Form Responses'!D162 | B74: ='Form Responses'!G162
A75: ='Form Responses'!D163 | B75: ='Form Responses'!G163
A76: ='Form Responses'!D164 | B76: ='Form Responses'!G164
A77: ='Form Responses'!D165 | B77: ='Form Responses'!G165
... A80: ='Form Responses'!D168 | B80: ='Form Responses'!G168
A81: ='Form Responses'!D169
A82: ='Form Responses'!D170
A83: ='Form Responses'!D171
A84: ='Form Responses'!D172
A85: ='Form Responses'!D173
A86: ='Form Responses'!D174
A87: ='Form Responses'!D175
A88: ='Form Responses'!D176
A89: ='Form Responses'!D177
A90: ='Form Responses'!D178

Sheet Team Contacts
A1: Team Name | B1: Form Name | C1: Location | D1: Email Address | E1: Notes
A2: AguaClara | B2: AguaClara | C2: Unassigned | D2: aguaclara@cornell.edu
A3: AppDev | B3: AppDev | C3: Unassigned | D3: team@cornellappdev.com
A4: AutoBoat | B4: AutoBoat | C4: ELL | D4: cornellautoboat@gmail.com
A5: Autonomous Drone | B5: Autonomous Drone | C5: Unassigned | D5: cuautodrone@gmail.com | E5: Location unknown
A6: Autonomous Sailboat | B6: CU Sail | C6: ELL | D6: cusail@cornell.edu
A7: Autonomous Underwater Vehicle | B7: CUAUV | C7: ELL | D7: cuauvleader@gmail.com
A8: Baja | B8: Baja | C8: ELL | D8: baja@cornell.edu
A9: Biomedical Device | B9: CUBMD | C9: ELL | D9: cubmd@gmail.com | E9: Assigned to reservable bench
A10: ChemE Car | B10: ChemE Car | C10: ELL | D10: cuchemecar@cornell.edu | E10: Emailed listed is for "business inquires"
A11: Combat Robotics | B11: Combat Robotics | C11: ELL | D11: combatrobotics@cornell.edu
A12: Concrete Canoe | B12: Concrete Canoe | C12: HVL | D12: concrete-canoe@cornell.edu
A13: Cornell Assistive Technologies | B13: Cornell Assistive Technologies | C13: ELL | D13: cornellassist@gmail.com
A14: Unmanned Air System | B14: CUAir | C14: ELL | D14: cuair.mae@gmail.com
A15: Custom Silicon Systems | B15: Custom Silicon Systems | C15: Unassigned | D15: c2s2@cornell.edu
A16: Data Science | B16: Data Science | C16: Unassigned | D16: cornelldatascience@gmail.com
A17: DEBUT | B17: DEBUT | C17: ELL | D17: debut@cornell.edu
A18: Design Build Fly | B18: Design Build Fly | C18: ELL | D18: designbuildfly@cornell.edu
A19: Digtal Tech and Innovation | B19: Digtal Tech and Innovation | C19: Unassigned | D19: hello@cornelldti.org | E19: Verify email (if necessary)
A20: Electric Vehicles | B20: CEV | C20: ELL | D20: cornellev@cornell.edu
A21: Engineering World Health | B21: EWH | C21: ELL | D21: ewhcornell@gmail.com
A22: Engineerings Without Boarders | B22: EWB | C22: Unassigned | D22: ewbcornell@gmail.com
A23: Engineers for a Sustainable World | B23: ESW | C23: ELL | D23: eswprojectteam@cornell.edu
A24: Engineers in Action | B24: Engineers in Action | C24: ELL | D24: eiacornelluniversity@gmail.com
A25: Extended Reality | B25: Extended Reality | C25: ELL | D25: cornellxrclub@gmail.com
A26: FSAE Racing | B26: Formula | C26: Auto | D26: cufsae@cornell.edu
A27: GeoData | B27: Geodata | C27: ELL | D27: cugeodatateam@gmail.com
A28: Hack4Impact | B28: Hack4Impact | C28: Unassigned | D28: cornell@hack4impact.org
A29: Hyperloop | B29: Hyperloop | C29: ELL | D29: cornellhyperloop@gmail.com
A30: iGEM | B30: iGEM | C30: ELL | D30: cornelligem@gmail.com
A31: Mars Rover | B31: Mars Rover | C31: ELL | D31: cornellmarsrover@gmail.com
... A33: Rocketry | B33: Rocketry | C33: ELL | D33: rocketry@cornell.edu
A34: Seismic Design | B34: Seismic Design | C34: ELL | D34: hfj46@cornell.edu | E34: No team email listed; this email is for a lead.
A35: SensTech | B35: SensTech | C35: Unassigned | D35: cornellsenstech@gmail.com
A36: Solar Boat | B36: Solar Boat | C36: ELL | D36: solarboatcornell@gmail.com
A37: Steel Bridge | B37: Steel Bridge | C37: HVL | D37: steelbridge@cornell.edu | E37: Confirm location
